Day,Detail,Moonphase,Summary,Sunrise,Sunset,cloudCover,dewPoint,humidity,precipIntensity,precipIntensityMax,precipProbability,pressure,temperatureMax,temperatureMaxTime,temperatureMin,temperatureMinTime,visibility,windGust,windGustTime,windSpeed
1525521600,partly-cloudy-day,0.68,Partly cloudy in the morning.,1525512909,1525564152,0.2,43.55,0.43,0.0,0.0,0.0,1013.49,74.46,1525550400,57.48,1525518000,9.99,19.46,1525503600,2.94
1525608000,rain,0.71,Rain overnight.,1525599235,1525650619,0.79,49.46,0.68,0.0054,0.0886,1.0,1015.75,64.35,1525622400,52.84,1525662000,9.48,5.68,1525644000,0.08
1525694400,fog,0.74,Foggy in the morning.,1525685563,1525737086,0.47,48.42,0.76,0.0034,0.0762,1.0,1017.85,63.41,1525712400,49.38,1525748400,8.08,10.27,1525701600,1.08
1525780800,fog,0.77,Foggy in the morning.,1525771892,1525823552,0.2,46.06,0.68,0.0,0.0,0.0,1024.14,70.5,1525802400,44.84,1525773600,8.09,8.91,1525813200,0.81
1525867200,partly-cloudy-night,0.8,Mostly cloudy starting in the evening.,1525858222,1525910018,0.17,46.67,0.67,0.0,0.0,0.0,1021.66,72.74,1525881600,47.35,1525860000,8.43,9.37,1525896000,0.96
1525953600,partly-cloudy-day,0.83,Mostly cloudy until evening.,1525944554,1525996483,0.63,50.44,0.77,0.0,0.0002,0.0,1013.47,71.11,1525975200,49.78,1525946400,7.19,11.94,1525993200,0.93
1526040000,partly-cloudy-day,0.86,Partly cloudy in the morning.,1526030887,1526082948,0.08,41.29,0.52,0.0,0.0,0.0,1013.35,69.77,1526068800,52.7,1526094000,9.92,11.67,1526043600,1.19
1526126400,rain,0.9,Light rain in the afternoon and evening.,1526117222,1526169413,0.73,41.97,0.76,0.0048,0.0282,0.97,1021.49,51.37,1526133600,47.22,1526108400,7.84,6.49,1526126400,0.52
1526212800,cloudy,0.93,Overcast until afternoon.,1526203558,1526255877,0.75,46.74,0.85,0.0,0.0,0.0,1021.21,59.14,1526241600,46.79,1526205600,7.89,7.37,1526245200,0.49
1526299200,cloudy,0.97,Overcast until afternoon.,1526289896,1526342341,0.54,51.0,0.75,0.0,0.0,0.0,1014.88,74.3,1526331600,48.13,1526274000,9.97,7.93,1526328000,0.82
1526385600,rain,0.01,Heavy rain in the evening.,1526376236,1526428804,0.47,59.46,0.79,0.0245,0.2489,1.0,1010.21,84.75,1526410800,58.05,1526378400,9.03,10.18,1526400000,1.04
1526472000,partly-cloudy-night,0.04,Mostly cloudy starting in the evening.,1526462577,1526515266,0.48,48.99,0.79,0.0,0.0,0.0,1020.08,59.7,1526493600,52.25,1526522400,9.1,9.93,1526475600,1.07
1526558400,partly-cloudy-day,0.08,Mostly cloudy until afternoon.,1526548921,1526601728,0.55,55.85,0.79,0.0001,0.0021,0.16,1016.39,75.74,1526587200,52.59,1526529600,9.72,3.31,1526587200,0.17
1526644800,partly-cloudy-day,0.12,Mostly cloudy in the morning.,1526635265,1526688189,0.29,40.55,0.58,0.0,0.0,0.0,1027.26,62.15,1526616000,44.55,1526698800,9.81,11.38,1526655600,2.0
1526731200,rain,0.15,Light rain starting in the afternoon.,1526721612,1526774650,0.59,45.01,0.84,0.0046,0.0176,1.0,1027.01,57.36,1526745600,40.28,1526713200,7.84,7.66,1526742000,1.84
1526817600,partly-cloudy-day,0.19,Mostly cloudy until evening.,1526807960,1526861110,0.85,61.7,0.82,0.0026,0.0162,1.0,1013.06,77.81,1526839200,53.89,1526788800,9.04,14.32,1526832000,4.3
1526904000,clear-day,0.23,Clear throughout the day.,1526894310,1526947569,0.02,47.42,0.57,0.0,0.0,0.0,1019.53,78.41,1526936400,51.12,1526896800,9.9,7.42,1526932800,1.82
1526990400,partly-cloudy-day,0.27,Mostly cloudy throughout the day.,1526980662,1527034027,0.59,52.14,0.75,0.0009,0.0058,0.67,1019.65,66.66,1527004800,52.72,1526976000,9.92,5.75,1527044400,1.43
1527076800,partly-cloudy-day,0.3,Mostly cloudy throughout the day.,1527067015,1527120484,0.63,53.12,0.64,0.0007,0.0081,0.64,1011.93,82.22,1527112800,54.7,1527051600,9.97,8.01,1527102000,1.7
1527163200,partly-cloudy-day,0.34,Partly cloudy in the morning.,1527153371,1527206940,0.11,49.38,0.67,0.0,0.0,0.0,1018.15,71.24,1527192000,52.12,1527156000,9.78,9.45,1527195600,1.27
1527249600,partly-cloudy-night,0.37,Partly cloudy starting in the evening.,1527239728,1527293395,0.12,49.51,0.5,0.0,0.0,0.0,1011.68,87.77,1527278400,54.0,1527238800,10.0,19.02,1527271200,6.3
1527336000,partly-cloudy-night,0.41,Mostly cloudy starting in the afternoon.,1527326088,1527379849,0.21,58.37,0.56,0.0002,0.0051,0.09,1008.54,88.52,1527361200,65.9,1527390000,9.95,9.6,1527379200,2.49
1527422400,cloudy,0.44,Overcast throughout the day.,1527412449,1527466302,0.99,50.36,0.83,0.0018,0.0108,0.61,1020.95,64.97,1527393600,50.26,1527469200,9.1,11.19,1527451200,6.59
1527508800,fog,0.47,Foggy in the morning.,1527498812,1527552754,0.99,51.92,0.89,0.0006,0.0035,0.5,1018.61,61.77,1527541200,50.4,1527498000,6.68,11.12,1527480000,2.18
1527595200,partly-cloudy-day,0.51,Partly cloudy in the morning.,1527585177,1527639205,0.14,59.87,0.69,0.0,0.0,0.0,1014.98,85.93,1527616800,57.15,1527570000,9.73,7.9,1527613200,0.77
1527681600,partly-cloudy-day,0.54,Partly cloudy until afternoon.,1527671544,1527725655,0.18,54.85,0.68,0.0,0.0,0.0,1020.83,72.2,1527706800,60.69,1527667200,9.56,8.25,1527703200,2.38
1527768000,partly-cloudy-night,0.57,Mostly cloudy overnight.,1527757913,1527812103,0.05,54.96,0.66,0.0,0.0,0.0,1017.58,83.02,1527793200,54.71,1527757200,9.85,13.5,1527800400,4.37
1527854400,partly-cloudy-day,0.6,Mostly cloudy throughout the day.,1527844284,1527898550,0.78,66.52,0.81,0.0,0.0,0.0,1009.91,79.57,1527886800,65.84,1527825600,9.98,5.66,1527868800,3.46
1527940800,partly-cloudy-day,0.63,Mostly cloudy until evening.,1527930657,1527984996,0.59,65.68,0.77,0.0,0.0004,0.0,1007.87,81.21,1527962400,62.19,1527994800,8.58,10.63,1527948000,1.75
1528027200,partly-cloudy-day,0.66,Partly cloudy until afternoon.,1528017032,1528071440,0.25,46.61,0.69,0.0,0.0,0.0,1018.19,62.01,1528045200,48.16,1528081200,10.0,9.85,1528059600,4.8
1528113600,rain,0.69,Rain until afternoon.,1528103409,1528157883,0.98,48.66,0.9,0.0129,0.0941,1.0,1010.88,53.55,1528135200,49.08,1528099200,6.16,8.93,1528135200,4.56
1528200000,rain,0.72,Rain in the afternoon.,1528189788,1528244324,0.93,51.43,0.87,0.0042,0.0578,1.0,1005.0,63.57,1528218000,49.58,1528189200,9.02,6.0,1528207200,0.49
1528286400,partly-cloudy-day,0.75,Mostly cloudy throughout the day.,1528276169,1528330764,0.84,51.08,0.78,0.0,0.0,0.0,1010.82,66.19,1528318800,53.0,1528268400,9.97,6.03,1528336800,0.89
1528372800,partly-cloudy-day,0.78,Mostly cloudy throughout the day.,1528362552,1528417203,0.85,52.45,0.71,0.0,0.0,0.0,1018.96,70.47,1528394400,54.51,1528358400,10.0,12.19,1528401600,5.3
1528459200,partly-cloudy-day,0.81,Partly cloudy starting in the afternoon.,1528448938,1528503639,0.44,54.95,0.66,0.0,0.0,0.0,1019.41,79.48,1528488000,54.49,1528448400,10.0,6.83,1528477200,2.27
1528545600,partly-cloudy-night,0.85,Partly cloudy starting in the afternoon.,1528535325,1528590074,0.37,50.0,0.53,0.0,0.0,0.0,1018.43,80.07,1528574400,57.71,1528531200,9.87,7.56,1528574400,2.19
1528632000,clear-day,0.88,Clear throughout the day.,1528621714,1528676508,0.16,45.2,0.49,0.0,0.0,0.0,1017.42,73.53,1528657200,54.44,1528621200,10.0,6.07,1528668000,0.86
1528718400,partly-cloudy-day,0.92,Mostly cloudy until afternoon.,1528708106,1528762939,0.27,45.91,0.57,0.0,0.0,0.0,1019.03,69.01,1528743600,55.16,1528711200,10.0,7.59,1528750800,2.34
1528804800,clear-day,0.95,Clear throughout the day.,1528794499,1528849369,0.04,46.01,0.51,0.0,0.0,0.0,1019.79,79.19,1528830000,51.88,1528794000,10.0,18.01,1528830000,7.31
1528891200,partly-cloudy-day,0.99,Mostly cloudy throughout the day.,1528880895,1528935797,0.45,57.62,0.7,0.0,0.0,0.0,1011.88,74.29,1528912800,58.1,1528880400,9.96,15.91,1528905600,6.54
1528977600,partly-cloudy-day,0.03,Mostly cloudy throughout the day.,1528967292,1529022224,0.6,55.81,0.6,0.0,0.0,0.0,1004.92,77.95,1528992000,65.67,1529031600,9.97,16.78,1528984800,5.7
1529064000,partly-cloudy-day,0.07,Mostly cloudy until evening.,1529053692,1529108648,0.72,53.01,0.76,0.0,0.0,0.0,1012.8,67.55,1529103600,55.78,1529064000,9.79,4.5,1529042400,1.45
1529150400,partly-cloudy-day,0.11,Partly cloudy in the afternoon.,1529140094,1529195070,0.09,51.82,0.57,0.0,0.0,0.0,1014.6,83.48,1529175600,54.08,1529139600,10.0,10.37,1529161200,2.51
1529236800,clear-day,0.14,Clear throughout the day.,1529226498,1529281491,0.01,53.84,0.54,0.0,0.0,0.0,1017.75,86.75,1529262000,58.9,1529218800,10.0,6.62,1529262000,0.65
1529323200,rain,0.18,Rain starting in the evening.,1529312903,1529367910,0.37,63.91,0.67,0.0055,0.0758,1.0,1011.73,88.0,1529355600,65.33,1529305200,9.75,16.95,1529362800,6.27
1529409600,partly-cloudy-day,0.22,Mostly cloudy in the morning.,1529399311,1529454326,0.33,58.31,0.58,0.0001,0.0016,0.09,1007.01,82.17,1529438400,67.16,1529463600,9.94,12.53,1529434800,5.08
1529496000,clear-day,0.26,Clear throughout the day.,1529485721,1529540741,0.05,52.07,0.53,0.0,0.0,0.0,1010.58,81.26,1529517600,57.55,1529485200,10.0,8.46,1529517600,2.53
1529582400,partly-cloudy-day,0.29,"Mostly cloudy starting in the afternoon, continuing until evening.",1529572133,1529627154,0.21,57.2,0.65,0.0,0.0,0.0,1008.75,80.78,1529600400,61.1,1529560800,9.97,9.06,1529607600,0.8
1529668800,clear-day,0.33,Clear throughout the day.,1529658546,1529713565,0.09,52.63,0.62,0.0,0.0,0.0,1016.78,74.31,1529694000,57.94,1529658000,9.99,6.21,1529694000,2.13
1529755200,cloudy,0.36,Overcast throughout the day.,1529744962,1529799973,0.7,53.79,0.79,0.0001,0.0016,0.15,1014.25,64.63,1529769600,57.81,1529740800,8.03,5.91,1529780400,2.77
1529841600,rain,0.39,Rain in the evening and overnight.,1529831379,1529886380,0.98,61.2,0.83,0.0062,0.0975,1.0,1009.49,79.24,1529870400,57.7,1529827200,8.35,7.46,1529856000,1.49
1529928000,partly-cloudy-day,0.42,Mostly cloudy until evening.,1529917799,1529972784,0.69,59.16,0.77,0.009,0.0995,1.0,1013.77,70.73,1529942400,58.57,1529982000,8.99,11.38,1529938800,2.57
1530014400,clear-day,0.45,Clear throughout the day.,1530004220,1530059187,0.01,47.96,0.55,0.0,0.0,0.0,1022.65,78.31,1530046800,53.52,1530000000,9.96,7.25,1530050400,1.86
1530100800,rain,0.48,Light rain overnight.,1530090643,1530145587,0.24,56.82,0.66,0.0001,0.0015,0.15,1018.45,78.37,1530122400,61.83,1530090000,10.0,9.93,1530122400,5.58
1530187200,rain,0.52,Heavy rain until afternoon.,1530177068,1530231985,0.97,67.85,0.92,0.0322,0.3186,1.0,1010.72,73.91,1530223200,64.54,1530162000,7.35,7.7,1530180000,4.18
1530273600,partly-cloudy-day,0.55,Partly cloudy until evening.,1530263494,1530318381,0.37,65.86,0.69,0.0,0.0,0.0,1011.93,88.98,1530302400,67.49,1530262800,8.16,6.75,1530302400,2.29
1530360000,partly-cloudy-day,0.58,Partly cloudy in the morning.,1530349923,1530404775,0.17,64.76,0.6,0.0,0.0,0.0,1015.72,90.01,1530388800,70.09,1530352800,10.0,5.97,1530392400,1.62
1530446400,partly-cloudy-day,0.61,Humid throughout the day and partly cloudy in the afternoon.,1530436353,1530491167,0.09,68.88,0.65,0.0,0.0,0.0,1015.9,95.49,1530471600,73.68,1530439200,9.88,6.57,1530482400,0.93
1530532800,clear-day,0.64,Clear throughout the day.,1530522784,1530577557,0.07,68.91,0.73,0.0,0.0,0.0,1018.89,87.74,1530565200,69.51,1530522000,9.2,6.56,1530565200,2.31
1530619200,partly-cloudy-day,0.67,Humid throughout the day and partly cloudy starting in the afternoon.,1530609217,1530663945,0.24,72.16,0.71,0.0,0.0,0.0,1020.49,95.75,1530648000,72.06,1530604800,8.47,6.84,1530644400,3.68
1530705600,clear-day,0.7,Clear throughout the day.,1530695652,1530750330,0.1,66.62,0.6,0.0,0.0,0.0,1025.21,91.89,1530738000,74.08,1530698400,9.66,5.36,1530716400,0.99
1530792000,partly-cloudy-day,0.73,"Humid throughout the day and partly cloudy starting in the afternoon, continuing until evening.",1530782089,1530836714,0.17,71.37,0.7,0.0,0.0,0.0,1023.16,92.28,1530820800,72.5,1530784800,8.79,11.2,1530820800,4.66
1530878400,rain,0.77,Rain in the afternoon.,1530868527,1530923095,0.56,68.66,0.74,0.0086,0.1518,1.0,1015.12,82.34,1530885600,66.76,1530932400,9.61,13.26,1530874800,4.68
1530964800,clear-day,0.8,Clear throughout the day.,1530954966,1531009474,0.04,47.08,0.49,0.0,0.0,0.0,1025.33,78.43,1530997200,55.71,1530954000,10.0,10.84,1530936000,1.91
1531051200,clear-day,0.83,Clear throughout the day.,1531041407,1531095851,0.02,53.32,0.57,0.0,0.0,0.0,1026.33,82.55,1531080000,55.48,1531044000,10.0,6.75,1531090800,1.85
1531137600,clear-day,0.87,Clear throughout the day.,1531127849,1531182226,0.0,58.06,0.56,0.0,0.0,0.0,1020.06,89.89,1531166400,62.76,1531130400,9.99,10.44,1531155600,4.53
1531224000,partly-cloudy-night,0.91,Mostly cloudy starting in the evening.,1531214292,1531268599,0.13,61.48,0.56,0.0,0.0,0.0,1011.8,92.86,1531252800,65.67,1531216800,9.97,10.82,1531252800,3.91
1531310400,partly-cloudy-day,0.94,Partly cloudy until afternoon.,1531300737,1531354970,0.44,59.47,0.67,0.003,0.0371,0.53,1014.55,76.3,1531342800,62.32,1531364400,9.79,10.54,1531321200,4.06
1531396800,partly-cloudy-night,0.98,Mostly cloudy starting in the evening.,1531387183,1531441339,0.15,52.74,0.59,0.0,0.0,0.0,1021.57,79.47,1531422000,57.97,1531386000,9.98,5.56,1531400400,1.38
1531483200,partly-cloudy-day,0.02,Partly cloudy throughout the day.,1531473630,1531527706,0.49,57.43,0.63,0.0,0.0,0.0,1023.56,82.9,1531508400,62.09,1531468800,9.97,8.92,1531515600,2.99
1531569600,partly-cloudy-day,0.06,Mostly cloudy throughout the day.,1531560079,1531614071,0.56,58.4,0.67,0.0007,0.0177,0.73,1020.49,78.97,1531587600,59.94,1531558800,9.78,6.41,1531602000,2.38
1531656000,partly-cloudy-day,0.1,Mostly cloudy until afternoon.,1531646528,1531700434,0.59,66.68,0.79,0.0006,0.0134,0.49,1015.15,84.18,1531684800,67.52,1531648800,9.81,5.42,1531692000,1.29
1531742400,fog,0.13,Foggy in the morning.,1531732979,1531786795,0.53,68.84,0.8,0.0,0.0,0.0,1014.92,84.44,1531767600,67.01,1531728000,7.09,6.73,1531767600,1.44
1531828800,rain,0.17,Heavy rain in the afternoon and evening.,1531819430,1531873154,0.49,70.97,0.82,0.0367,0.2835,1.0,1010.31,88.18,1531846800,70.25,1531882800,7.76,12.91,1531843200,4.15
1531915200,partly-cloudy-day,0.21,Mostly cloudy in the morning.,1531905883,1531959511,0.32,59.4,0.63,0.0008,0.0153,0.59,1010.96,82.02,1531944000,63.96,1531969200,9.95,8.39,1531936800,4.0
1532001600,clear-day,0.24,Clear throughout the day.,1531992336,1532045866,0.0,50.69,0.54,0.0,0.0,0.0,1018.19,80.92,1532034000,56.54,1531990800,9.99,7.23,1532041200,0.29
1532088000,clear-day,0.28,Clear throughout the day.,1532078791,1532132219,0.03,57.85,0.65,0.0,0.0,0.0,1021.31,83.79,1532109600,59.43,1532073600,9.94,6.94,1532113200,1.56
1532174400,partly-cloudy-day,0.31,Mostly cloudy starting in the afternoon.,1532165246,1532218571,0.26,57.79,0.7,0.0,0.0,0.0,1021.17,76.91,1532196000,57.71,1532163600,9.94,8.81,1532203200,2.87
1532260800,fog,0.34,Foggy in the morning.,1532251702,1532304920,0.95,67.61,0.88,0.0034,0.025,1.0,1019.31,78.15,1532293200,64.97,1532232000,7.82,7.33,1532264400,4.01
1532347200,partly-cloudy-day,0.37,Humid and mostly cloudy throughout the day.,1532338159,1532391268,0.81,72.13,0.82,0.0017,0.0133,0.85,1023.14,83.86,1532372400,74.34,1532340000,8.66,13.74,1532379600,6.19
1532433600,partly-cloudy-day,0.4,Humid and mostly cloudy throughout the day.,1532424616,1532477614,0.66,70.97,0.77,0.0,0.0,0.0,1024.45,87.25,1532458800,74.61,1532419200,9.66,14.38,1532466000,5.8
1532520000,rain,0.43,Light rain overnight.,1532511074,1532563958,0.81,71.91,0.81,0.001,0.0207,0.58,1018.22,83.83,1532538000,74.74,1532509200,9.85,17.71,1532541600,6.95
1532606400,rain,0.46,Light rain in the morning.,1532597533,1532650300,0.77,71.37,0.86,0.0113,0.0814,1.0,1011.15,82.33,1532628000,72.23,1532660400,9.1,11.34,1532599200,5.33
1532692800,partly-cloudy-night,0.49,Mostly cloudy starting in the evening.,1532683992,1532736641,0.32,69.63,0.76,0.0,0.0006,0.0,1014.92,89.02,1532714400,69.62,1532682000,9.03,9.04,1532710800,3.87
1532779200,partly-cloudy-day,0.52,Partly cloudy throughout the day.,1532770452,1532822980,0.55,69.67,0.75,0.0,0.0,0.0,1015.13,86.74,1532804400,72.71,1532764800,9.44,9.3,1532815200,3.3
1532865600,partly-cloudy-day,0.56,"Mostly cloudy starting in the afternoon, continuing until evening.",1532856913,1532909318,0.28,62.95,0.67,0.0,0.0,0.0,1016.64,82.02,1532898000,67.97,1532858400,9.95,5.96,1532872800,3.13
1532952000,partly-cloudy-day,0.59,"Partly cloudy starting in the afternoon, continuing until evening.",1532943373,1532995653,0.13,60.55,0.66,0.0,0.0,0.0,1020.17,82.43,1532973600,62.82,1532941200,9.93,5.39,1532973600,1.59
1533038400,partly-cloudy-day,0.62,Partly cloudy in the afternoon.,1533029835,1533081988,0.15,63.42,0.68,0.0,0.0,0.0,1019.67,86.36,1533067200,64.82,1533024000,9.83,5.18,1533056400,1.36
1533124800,partly-cloudy-day,0.65,Humid and mostly cloudy throughout the day.,1533116296,1533168320,0.56,68.29,0.8,0.0,0.0,0.0,1018.91,82.39,1533157200,66.02,1533114000,9.86,10.84,1533150000,4.01
1533211200,partly-cloudy-night,0.68,Humid throughout the day and partly cloudy starting in the afternoon.,1533202758,1533254651,0.42,71.51,0.7,0.0011,0.0221,0.2,1017.41,92.8,1533232800,76.45,1533196800,9.87,11.4,1533214800,5.81
1533297600,partly-cloudy-day,0.72,Humid and mostly cloudy throughout the day.,1533289221,1533340981,0.61,72.47,0.75,0.0002,0.0031,0.54,1020.34,88.55,1533330000,76.02,1533290400,9.95,10.27,1533330000,4.14
1533384000,rain,0.75,Rain in the afternoon.,1533375684,1533427309,0.54,71.32,0.87,0.0175,0.1898,1.0,1019.1,80.96,1533391200,71.73,1533438000,9.19,9.6,1533384000,4.2
1533470400,partly-cloudy-day,0.79,Mostly cloudy in the morning.,1533462146,1533513636,0.3,67.94,0.73,0.0,0.0,0.0,1019.11,89.08,1533499200,68.24,1533463200,8.11,4.8,1533502800,1.07
1533556800,clear-day,0.82,Clear throughout the day.,1533548610,1533599961,0.02,69.0,0.66,0.0,0.0,0.0,1016.94,94.07,1533585600,68.98,1533549600,9.3,6.61,1533574800,2.88
1533643200,partly-cloudy-day,0.86,Humid throughout the day and partly cloudy starting in the afternoon.,1533635073,1533686285,0.18,71.79,0.7,0.0004,0.0096,0.06,1013.5,93.4,1533664800,74.42,1533636000,8.98,10.45,1533664800,4.8
1533729600,partly-cloudy-day,0.9,Humid and mostly cloudy throughout the day.,1533721537,1533772607,0.5,72.26,0.8,0.0038,0.0294,0.58,1011.58,88.75,1533751200,73.51,1533718800,8.71,5.93,1533751200,1.49
1533816000,rain,0.94,Light rain in the morning.,1533808000,1533858928,0.47,70.46,0.76,0.0014,0.0198,0.97,1007.4,87.7,1533841200,74.08,1533812400,9.04,6.48,1533841200,3.02
1533902400,partly-cloudy-day,0.97,Partly cloudy starting in the afternoon.,1533894464,1533945248,0.21,64.07,0.66,0.0,0.0,0.0,1010.98,85.59,1533931200,67.53,1533891600,9.77,7.21,1533920400,1.96
1533988800,rain,0.01,"Rain starting in the afternoon, continuing until evening.",1533980928,1534031566,0.96,65.96,0.88,0.0107,0.072,1.0,1016.27,71.96,1533960000,68.58,1534039200,7.89,7.99,1534042800,3.31
1534075200,rain,0.05,Rain until afternoon.,1534067392,1534117884,1.0,67.97,0.93,0.0184,0.1067,1.0,1018.73,72.98,1534096800,68.1,1534129200,5.28,13.94,1534096800,4.51
1534161600,rain,0.09,Light rain starting in the evening.,1534153856,1534204200,1.0,67.16,0.94,0.0041,0.0379,1.0,1017.89,71.36,1534186800,67.22,1534158000,3.91,5.88,1534190400,4.3
1534248000,fog,0.12,Foggy in the morning and humid throughout the day.,1534240320,1534290514,0.79,70.32,0.87,0.0032,0.0306,0.37,1012.16,81.8,1534269600,70.18,1534222800,6.33,6.7,1534276800,1.65
1534334400,partly-cloudy-day,0.16,Mostly cloudy until evening.,1534326785,1534376828,0.48,69.1,0.78,0.0,0.0,0.0,1010.51,86.17,1534366800,70.18,1534323600,8.69,6.01,1534348800,1.82
1534420800,partly-cloudy-day,0.19,"Partly cloudy starting in the afternoon, continuing until evening.",1534413249,1534463141,0.19,68.44,0.69,0.0,0.0,0.0,1015.08,88.86,1534449600,72.0,1534413600,9.24,6.71,1534453200,3.16
1534507200,rain,0.23,Light rain overnight.,1534499713,1534549452,0.27,67.71,0.76,0.0034,0.0573,0.79,1017.2,83.94,1534528800,67.66,1534500000,9.26,6.76,1534554000,1.47
1534593600,rain,0.26,Light rain in the evening.,1534586177,1534635763,0.73,71.0,0.85,0.0063,0.0476,1.0,1010.04,84.53,1534615200,67.83,1534647600,8.89,7.67,1534644000,1.81
1534680000,partly-cloudy-day,0.29,Mostly cloudy throughout the day.,1534672641,1534722072,0.82,61.33,0.79,0.0005,0.0047,0.47,1016.63,71.85,1534701600,65.9,1534676400,9.73,13.82,1534698000,5.9
1534766400,partly-cloudy-day,0.32,Mostly cloudy until evening.,1534759105,1534808380,0.6,61.8,0.8,0.0,0.0,0.0,1021.23,74.08,1534788000,62.99,1534820400,9.79,8.21,1534788000,4.5
1534852800,partly-cloudy-day,0.35,Mostly cloudy throughout the day.,1534845569,1534894688,0.83,61.91,0.85,0.0,0.0,0.0,1019.2,71.66,1534885200,62.15,1534824000,9.77,5.44,1534881600,2.39
1534939200,rain,0.38,Rain in the morning.,1534932033,1534980994,0.73,66.35,0.85,0.0136,0.1327,1.0,1006.87,81.64,1534968000,64.51,1534914000,7.86,7.05,1534957200,1.3
1535025600,partly-cloudy-day,0.41,Partly cloudy until evening.,1535018497,1535067300,0.36,55.13,0.64,0.0,0.0,0.0,1011.85,77.64,1535058000,59.26,1535079600,10.0,10.4,1535043600,4.3
1535112000,clear-day,0.44,Clear throughout the day.,1535104961,1535153604,0.03,57.59,0.66,0.0,0.0,0.0,1021.26,83.87,1535137200,56.74,1535090400,9.97,5.96,1535130000,2.23
1535198400,partly-cloudy-day,0.47,"Partly cloudy starting in the afternoon, continuing until evening.",1535191425,1535239908,0.1,60.85,0.7,0.0,0.0,0.0,1024.82,81.93,1535223600,62.72,1535194800,9.9,5.74,1535216400,3.39
1535284800,partly-cloudy-night,0.51,Mostly cloudy overnight.,1535277888,1535326211,0.12,61.13,0.72,0.0,0.0,0.0,1019.76,83.1,1535313600,58.16,1535274000,9.68,8.17,1535302800,3.8
1535371200,clear-day,0.54,Clear throughout the day.,1535364352,1535412513,0.14,66.93,0.7,0.0,0.0,0.0,1016.56,87.96,1535396400,69.15,1535364000,9.8,6.64,1535392800,2.95
1535457600,partly-cloudy-night,0.57,Partly cloudy in the morning and humid throughout the day.,1535450815,1535498815,0.13,71.73,0.69,0.0,0.0,0.0,1014.97,94.89,1535482800,72.04,1535446800,8.52,14.01,1535486400,4.68
1535544000,partly-cloudy-day,0.6,"Humid throughout the day and partly cloudy starting in the afternoon, continuing until evening.",1535537279,1535585115,0.11,72.44,0.65,0.0,0.0,0.0,1013.31,95.4,1535569200,78.88,1535536800,9.58,11.15,1535565600,4.59
1535630400,partly-cloudy-day,0.63,Humid and mostly cloudy throughout the day.,1535623742,1535671415,0.47,69.74,0.73,0.0,0.0,0.0,1015.95,87.19,1535648400,71.02,1535684400,9.07,9.56,1535641200,1.85
1535716800,partly-cloudy-day,0.67,Mostly cloudy until evening.,1535710205,1535757715,0.55,56.81,0.67,0.0,0.0,0.0,1026.54,73.61,1535738400,58.87,1535770800,10.0,7.92,1535738400,4.56
1535803200,partly-cloudy-day,0.7,Mostly cloudy until evening.,1535796668,1535844013,0.5,57.37,0.74,0.0,0.0,0.0,1027.34,75.89,1535828400,57.6,1535774400,9.89,5.57,1535832000,1.49
1535889600,partly-cloudy-day,0.74,Partly cloudy until afternoon.,1535883131,1535930311,0.26,61.36,0.72,0.0,0.0,0.0,1024.23,83.79,1535918400,60.02,1535878800,9.94,6.42,1535918400,2.98
1535976000,partly-cloudy-night,0.77,Mostly cloudy in the morning and humid throughout the day.,1535969594,1536016609,0.27,71.24,0.74,0.0,0.0,0.0,1022.06,92.92,1536001200,71.04,1535950800,9.98,9.21,1536008400,4.49
1536062400,partly-cloudy-day,0.81,"Humid throughout the day and partly cloudy starting in the afternoon, continuing until evening.",1536056057,1536102906,0.2,69.02,0.7,0.0,0.0,0.0,1022.39,88.21,1536084000,72.69,1536116400,9.88,5.93,1536076800,0.66
1536148800,partly-cloudy-day,0.85,"Partly cloudy starting in the afternoon, continuing until evening.",1536142520,1536189202,0.2,68.68,0.75,0.0,0.0,0.0,1022.9,89.43,1536174000,68.27,1536138000,9.75,8.78,1536184800,3.62
1536235200,rain,0.89,Rain in the evening.,1536228982,1536275498,0.35,71.58,0.79,0.0072,0.1087,1.0,1019.21,93.78,1536256800,73.26,1536289200,9.56,9.91,1536238800,3.6
1536321600,partly-cloudy-day,0.92,Mostly cloudy throughout the day.,1536315445,1536361794,0.7,60.39,0.76,0.0,0.0,0.0,1021.78,72.88,1536292800,62.26,1536375600,9.92,5.63,1536310800,2.44
1536408000,partly-cloudy-day,0.96,Partly cloudy in the morning.,1536401908,1536448089,0.4,54.1,0.71,0.0,0.0,0.0,1020.74,68.76,1536429600,57.18,1536462000,10.0,6.43,1536422400,2.54
1536494400,partly-cloudy-day,0.01,Partly cloudy in the afternoon.,1536488370,1536534384,0.18,45.69,0.63,0.0,0.0,0.0,1025.39,62.67,1536516000,55.33,1536490800,10.0,7.23,1536505200,4.81
1536580800,rain,0.04,Rain starting in the evening.,1536574833,1536620678,0.66,52.64,0.74,0.0193,0.1786,1.0,1026.8,65.29,1536602400,57.24,1536552000,8.5,9.03,1536624000,5.79
1536667200,rain,0.07,Rain in the morning.,1536661295,1536706972,0.97,65.48,0.9,0.0231,0.0963,1.0,1021.06,76.56,1536699600,62.67,1536638400,5.98,7.05,1536638400,1.36
1536753600,rain,0.11,Rain in the afternoon.,1536747758,1536793266,1.0,65.2,0.92,0.0049,0.0617,0.91,1024.86,69.59,1536724800,65.31,1536804000,7.34,5.75,1536760800,3.04
1536840000,rain,0.14,Rain in the morning.,1536834220,1536879560,0.84,63.37,0.88,0.0099,0.0753,1.0,1026.05,71.11,1536865200,63.28,1536894000,9.21,3.89,1536854400,1.53
1536926400,partly-cloudy-day,0.18,Mostly cloudy until evening.,1536920683,1536965853,0.65,63.05,0.85,0.0,0.0,0.0,1024.73,75.73,1536955200,60.87,1536904800,8.48,4.69,1536948000,1.17
1537012800,partly-cloudy-day,0.21,Mostly cloudy until evening.,1537007145,1537052146,0.68,63.29,0.88,0.0,0.0,0.0,1022.98,76.35,1537045200,61.54,1536987600,6.89,4.08,1537027200,0.78
1537099200,fog,0.24,Foggy in the morning.,1537093608,1537138439,0.27,63.78,0.78,0.0,0.0,0.0,1022.35,85.0,1537128000,60.1,1537095600,7.51,3.97,1537131600,1.02
1537185600,partly-cloudy-day,0.27,Mostly cloudy in the morning.,1537180071,1537224732,0.35,65.32,0.78,0.0,0.0,0.0,1018.96,82.16,1537210800,66.57,1537171200,8.79,7.99,1537200000,4.62
1537272000,rain,0.3,Heavy rain until afternoon.,1537266533,1537311025,0.9,68.89,0.93,0.06,0.524,1.0,1009.04,74.47,1537279200,67.43,1537326000,6.81,8.68,1537279200,1.2
1537358400,cloudy,0.33,Overcast throughout the day.,1537352996,1537397318,0.98,59.9,0.88,0.0002,0.0038,0.45,1013.71,67.63,1537340400,61.17,1537412400,7.0,6.42,1537344000,4.03
1537444800,partly-cloudy-day,0.36,Mostly cloudy throughout the day.,1537439459,1537483611,0.85,55.57,0.8,0.0,0.0,0.0,1023.46,65.13,1537466400,59.52,1537441200,9.87,6.4,1537455600,3.58
1537531200,partly-cloudy-day,0.39,Mostly cloudy throughout the day.,1537525922,1537569903,0.76,55.6,0.74,0.0,0.0,0.0,1022.04,70.59,1537552800,58.83,1537520400,10.0,13.04,1537585200,4.41
1537617600,partly-cloudy-day,0.42,Partly cloudy until afternoon.,1537612385,1537656196,0.37,54.08,0.66,0.0004,0.0076,0.63,1016.99,70.87,1537596000,55.57,1537668000,9.97,17.96,1537592400,3.21
1537704000,partly-cloudy-night,0.45,Partly cloudy overnight.,1537698849,1537742489,0.06,46.85,0.76,0.0,0.0,0.0,1024.28,63.14,1537729200,46.89,1537689600,9.99,3.7,1537714800,1.0
1537790400,partly-cloudy-day,0.48,Mostly cloudy throughout the day.,1537785312,1537828782,0.72,45.08,0.73,0.0,0.0,0.0,1033.69,57.19,1537812000,48.36,1537768800,9.85,9.23,1537797600,4.73
1537876800,rain,0.52,Heavy rain starting in the afternoon.,1537871776,1537915075,0.65,54.31,0.86,0.0268,0.1082,1.0,1030.29,69.36,1537930800,49.25,1537858800,7.6,8.17,1537916400,3.45
1537963200,rain,0.55,Rain overnight.,1537958239,1538001369,0.87,69.98,0.85,0.012,0.2381,1.0,1014.74,81.41,1537992000,68.78,1537945200,9.56,12.06,1537977600,6.49
1538049600,partly-cloudy-day,0.58,Partly cloudy until afternoon.,1538044703,1538087662,0.44,55.65,0.75,0.012,0.1276,1.0,1018.77,69.92,1538020800,57.29,1538100000,9.43,6.96,1538067600,2.27
1538136000,rain,0.62,Light rain in the morning.,1538131168,1538173956,0.85,53.73,0.86,0.0043,0.0247,1.0,1018.63,60.03,1538168400,52.18,1538190000,9.02,5.19,1538150400,2.24
1538222400,partly-cloudy-day,0.65,Partly cloudy starting in the afternoon.,1538217632,1538260250,0.23,52.2,0.77,0.0,0.0,0.0,1020.53,71.82,1538244000,51.02,1538211600,9.51,6.15,1538244000,1.75
1538308800,partly-cloudy-night,0.69,Mostly cloudy overnight.,1538304097,1538346545,0.16,46.42,0.71,0.0,0.0,0.0,1025.81,68.04,1538334000,46.13,1538305200,9.92,5.88,1538316000,1.58
1538395200,cloudy,0.72,Overcast throughout the day.,1538390562,1538432840,0.93,54.47,0.88,0.0008,0.0063,0.95,1026.4,65.0,1538406000,54.0,1538370000,8.65,4.87,1538402400,1.18
1538481600,rain,0.76,Rain in the morning and evening.,1538477027,1538519135,1.0,55.93,0.94,0.0105,0.0637,1.0,1022.32,60.7,1538532000,55.18,1538470800,4.68,5.31,1538524800,2.11
1538568000,cloudy,0.8,Overcast throughout the day.,1538563492,1538605430,1.0,55.29,0.91,0.0086,0.1031,1.0,1017.08,61.83,1538600400,53.49,1538564400,7.73,3.66,1538589600,1.66
1538654400,partly-cloudy-day,0.84,Mostly cloudy throughout the day.,1538649958,1538691726,0.86,58.95,0.84,0.0,0.0,0.0,1015.4,71.76,1538676000,58.37,1538636400,9.77,10.49,1538668800,3.42
1538740800,partly-cloudy-day,0.87,Partly cloudy until afternoon.,1538736424,1538778023,0.22,48.91,0.75,0.0,0.0,0.0,1020.81,65.64,1538712000,46.57,1538794800,9.73,9.97,1538751600,2.33
1538827200,partly-cloudy-day,0.91,Mostly cloudy throughout the day.,1538822891,1538864320,0.65,48.15,0.77,0.0,0.0,0.0,1023.15,63.8,1538852400,45.75,1538805600,9.99,5.33,1538877600,0.93
1538913600,rain,0.95,Light rain in the evening.,1538909357,1538950618,0.97,60.46,0.84,0.0011,0.0114,1.0,1022.04,77.11,1538935200,58.87,1538967600,9.45,6.65,1538946000,0.79
1539000000,cloudy,0.98,Overcast throughout the day.,1538995824,1539036916,1.0,52.27,0.87,0.0,0.0,0.0,1031.14,58.66,1538971200,54.67,1539036000,8.08,5.31,1539000000,3.11
1539086400,partly-cloudy-day,0.03,Mostly cloudy until evening.,1539082292,1539123215,0.72,62.26,0.84,0.0,0.0,0.0,1025.09,77.48,1539111600,55.38,1539057600,8.87,10.64,1539104400,4.02
1539172800,partly-cloudy-night,0.06,Mostly cloudy overnight.,1539168759,1539209514,0.1,66.25,0.78,0.0,0.0,0.0,1016.91,83.81,1539198000,67.24,1539162000,9.62,9.37,1539190800,4.02
1539259200,rain,0.09,"Heavy rain starting in the afternoon, continuing until evening.",1539255228,1539295815,0.95,60.37,0.92,0.0199,0.252,1.0,1007.58,70.8,1539230400,56.74,1539306000,6.51,5.09,1539291600,1.19
1539345600,cloudy,0.12,Overcast until afternoon.,1539341696,1539382116,0.67,49.94,0.8,0.0018,0.0108,0.69,1000.84,61.93,1539374400,47.11,1539399600,8.1,10.78,1539367200,3.14
1539432000,rain,0.16,Light rain until afternoon.,1539428165,1539468417,0.49,42.35,0.83,0.0038,0.0191,1.0,1010.13,51.66,1539464400,43.5,1539486000,9.73,5.4,1539460800,2.52
1539518400,partly-cloudy-day,0.19,Partly cloudy in the afternoon.,1539514634,1539554720,0.07,38.53,0.74,0.0,0.0,0.0,1021.26,56.96,1539547200,39.09,1539514800,9.98,8.1,1539532800,2.82
1539604800,rain,0.22,Light rain overnight.,1539601104,1539641023,0.69,50.82,0.84,0.0004,0.0061,0.73,1016.94,66.59,1539658800,38.26,1539594000,9.29,13.71,1539633600,3.19
1539691200,clear-day,0.25,Clear throughout the day.,1539687574,1539727328,0.23,35.7,0.56,0.0029,0.0325,1.0,1014.33,65.18,1539662400,44.45,1539738000,9.91,24.84,1539673200,6.17
1539777600,partly-cloudy-night,0.28,Mostly cloudy starting in the afternoon.,1539774044,1539813633,0.28,36.63,0.66,0.0003,0.0069,0.43,1012.08,61.39,1539802800,39.47,1539759600,10.0,15.98,1539792000,4.71
1539864000,clear-day,0.31,Clear throughout the day.,1539860515,1539899939,0.14,21.44,0.47,0.0001,0.0016,0.11,1021.41,46.99,1539889200,36.28,1539918000,9.99,16.85,1539874800,6.0
1539950400,clear-day,0.34,Clear throughout the day.,1539946986,1539986246,0.01,31.23,0.57,0.0,0.0,0.0,1020.22,61.28,1539979200,31.63,1539939600,10.0,11.57,1539964800,4.62
1540036800,partly-cloudy-day,0.37,Mostly cloudy until evening.,1540033457,1540072554,0.63,45.1,0.66,0.0,0.0,0.0,1004.48,63.28,1540062000,45.93,1540090800,10.0,13.57,1540022400,5.27
1540123200,partly-cloudy-day,0.4,Mostly cloudy until evening.,1540119929,1540158863,0.52,30.45,0.61,0.0004,0.0077,0.7,1008.44,47.91,1540116000,34.44,1540177200,9.96,21.02,1540148400,5.95
1540209600,partly-cloudy-night,0.43,Mostly cloudy starting in the afternoon.,1540206401,1540245173,0.31,25.95,0.59,0.0,0.0,0.0,1021.42,51.13,1540231200,29.48,1540202400,10.0,11.09,1540227600,3.14
1540296000,rain,0.46,Rain in the evening.,1540292874,1540331485,0.88,40.3,0.81,0.0089,0.1014,1.0,1017.83,55.15,1540317600,34.86,1540274400,9.45,9.2,1540310400,1.39
1540382400,cloudy,0.51,Overcast until evening.,1540379347,1540417797,0.73,38.72,0.82,0.0012,0.0089,0.95,1013.87,47.69,1540414800,38.9,1540436400,9.83,15.19,1540400400,4.91
1540468800,partly-cloudy-day,0.53,Partly cloudy throughout the day.,1540465820,1540504111,0.31,28.19,0.63,0.0,0.0,0.0,1016.14,48.85,1540490400,35.1,1540458000,9.98,16.43,1540479600,5.77
1540555200,clear-day,0.57,Clear throughout the day.,1540552294,1540590426,0.17,22.37,0.54,0.0,0.0,0.0,1019.33,47.44,1540580400,30.49,1540551600,10.0,8.26,1540526400,2.39
1540641600,rain,0.6,Rain throughout the day.,1540638767,1540676742,0.84,41.61,0.85,0.0491,0.1444,1.0,1013.58,50.12,1540684800,38.0,1540612800,5.44,30.71,1540674000,6.64
1540728000,cloudy,0.64,Overcast throughout the day.,1540725242,1540763059,1.0,42.77,0.85,0.0025,0.0102,1.0,1006.69,52.75,1540753200,42.17,1540720800,7.17,8.43,1540702800,1.74
1540814400,rain,0.67,Rain in the morning.,1540811716,1540849378,0.82,44.05,0.84,0.0174,0.1622,1.0,1007.4,56.26,1540832400,43.51,1540868400,9.22,8.85,1540836000,1.67
1540900800,partly-cloudy-day,0.71,Mostly cloudy until evening.,1540898191,1540935698,0.46,31.77,0.68,0.0,0.0,0.0,1015.27,47.26,1540915200,33.09,1540954800,10.0,13.38,1540915200,4.21
1540987200,partly-cloudy-night,0.75,Mostly cloudy throughout the day.,1540984666,1541022020,0.38,34.92,0.72,0.0,0.0,0.0,1017.69,55.66,1541041200,30.58,1540972800,9.98,10.43,1541034000,2.53
1541073600,fog,0.79,Foggy overnight.,1541071141,1541108343,0.96,51.48,0.85,0.001,0.0073,0.33,1011.86,61.78,1541095200,51.72,1541124000,8.26,6.68,1541048400,0.38
1541160000,rain,0.82,Rain in the morning and overnight.,1541157616,1541194667,0.99,58.67,0.89,0.0043,0.033,1.0,1007.34,67.49,1541188800,51.89,1541134800,6.93,14.03,1541167200,4.11
1541246400,rain,0.86,Heavy rain in the morning.,1541244092,1541280993,0.71,48.62,0.78,0.0509,0.2958,1.0,1006.83,65.29,1541224800,46.65,1541300400,7.81,26.96,1541275200,3.36
1541332800,clear-day,0.9,Clear throughout the day.,1541330568,1541367320,0.02,30.03,0.56,0.0,0.0,0.0,1030.79,53.9,1541361600,39.41,1541332800,10.0,12.0,1541304000,3.1
1541419200,rain,0.93,Light rain starting in the evening.,1541417047,1541453646,0.82,40.34,0.82,0.0071,0.0386,1.0,1030.86,50.26,1541444400,37.77,1541394000,8.54,5.95,1541476800,3.2
1541505600,rain,0.97,"Rain starting in the afternoon, continuing until evening.",1541503523,1541539977,0.94,49.02,0.93,0.0232,0.0705,1.0,1013.28,57.06,1541559600,47.14,1541505600,3.98,7.97,1541556000,0.69
1541592000,clear-day,0.02,Clear throughout the day.,1541589999,1541626309,0.05,42.26,0.63,0.0,0.0,0.0,1011.48,62.69,1541620800,51.28,1541592000,9.99,22.24,1541610000,5.56
1541678400,clear-day,0.04,Clear throughout the day.,1541676475,1541712643,0.03,30.8,0.55,0.0,0.0,0.0,1022.21,54.86,1541703600,37.5,1541736000,9.98,10.43,1541653200,4.07
1541764800,rain,0.07,Heavy rain starting in the evening.,1541762951,1541798978,0.58,34.94,0.74,0.0179,0.2101,1.0,1025.01,49.5,1541782800,34.07,1541761200,9.05,15.86,1541818800,2.76
1541851200,partly-cloudy-day,0.1,Mostly cloudy until afternoon.,1541849427,1541885316,0.64,32.82,0.69,0.0277,0.2549,1.0,1009.84,48.03,1541833200,35.47,1541908800,7.32,24.08,1541880000,3.8
1541937600,clear-day,0.13,Clear throughout the day.,1541935902,1541971655,0.0,17.27,0.45,0.0,0.0,0.0,1024.3,44.69,1541962800,32.09,1541995200,10.0,15.15,1541948400,5.2
1542024000,rain,0.16,Light rain overnight.,1542022378,1542057996,0.1,25.07,0.59,0.0,0.0,0.0,1029.53,49.01,1542049200,27.1,1542020400,10.0,8.03,1542045600,2.15
1542110400,rain,0.19,Rain until afternoon.,1542108854,1542144338,0.98,41.78,0.85,0.0364,0.1263,1.0,1014.89,52.5,1542124800,41.61,1542168000,6.57,15.22,1542168000,0.77
1542196800,partly-cloudy-day,0.22,Partly cloudy in the morning.,1542195329,1542230683,0.2,9.74,0.39,0.0,0.0,0.0,1025.82,40.35,1542171600,24.61,1542254400,9.98,25.17,1542207600,8.27
1542283200,snow,0.25,Snow (1–2 in.) starting in the evening.,1542281804,1542317029,0.31,12.21,0.54,0.0034,0.0381,0.83,1033.16,32.25,1542330000,21.43,1542272400,8.49,6.95,1542261600,2.04
1542369600,rain,0.28,Rain in the morning.,1542368279,1542403377,0.79,32.71,0.86,0.0254,0.0848,1.0,1005.18,41.62,1542376800,32.97,1542344400,6.53,19.72,1542355200,3.12
1542456000,partly-cloudy-day,0.31,Mostly cloudy throughout the day.,1542454754,1542489728,0.66,29.75,0.64,0.0,0.0,0.0,1017.07,46.7,1542474000,35.73,1542441600,10.0,8.7,1542506400,5.1
1542542400,partly-cloudy-day,0.35,Mostly cloudy throughout the day.,1542541228,1542576080,0.82,25.59,0.62,0.0,0.0,0.0,1026.55,40.29,1542567600,35.29,1542542400,10.0,5.33,1542571200,1.1
1542628800,rain,0.38,Light rain until afternoon.,1542627701,1542662434,1.0,33.27,0.87,0.0061,0.022,1.0,1019.98,38.37,1542657600,34.6,1542618000,6.22,3.88,1542661200,1.42
1542715200,rain,0.41,Light rain until afternoon.,1542714175,1542748791,0.92,33.81,0.92,0.0119,0.0358,1.0,1012.51,38.31,1542729600,32.25,1542772800,4.82,9.44,1542736800,3.32
1542801600,partly-cloudy-day,0.44,Mostly cloudy throughout the day.,1542800647,1542835149,0.42,22.69,0.65,0.0004,0.0036,0.4,1014.54,40.41,1542830400,25.23,1542859200,9.96,19.46,1542848400,5.47
1542888000,clear-day,0.47,Clear throughout the day.,1542887119,1542921509,0.08,-2.3,0.43,0.0,0.0,0.0,1026.54,21.85,1542862800,12.69,1542888000,9.99,22.65,1542913200,9.44
1542974400,clear-day,0.52,Clear throughout the day.,1542973591,1543007872,0.0,-0.33,0.4,0.0,0.0,0.0,1032.0,31.19,1543003200,12.2,1542967200,10.0,8.23,1542949200,4.05
1543060800,partly-cloudy-night,0.55,"Mostly cloudy starting in the afternoon, continuing until evening.",1543060061,1543094237,0.27,20.78,0.56,0.0,0.0,0.0,1020.31,45.31,1543082400,25.79,1543035600,10.0,11.2,1543078800,3.43
1543147200,rain,0.59,Rain in the morning.,1543146531,1543180604,0.97,39.99,0.9,0.0174,0.1444,1.0,1010.25,44.5,1543154400,40.67,1543204800,6.87,8.64,1543150800,2.79
1543233600,rain,0.62,Rain starting in the evening.,1543233000,1543266973,1.0,39.95,0.9,0.024,0.1287,1.0,1011.32,45.67,1543255200,40.31,1543226400,5.08,15.92,1543287600,4.33
1543320000,rain,0.66,Rain in the morning.,1543319468,1543353344,0.73,36.4,0.83,0.0301,0.1427,1.0,991.97,45.5,1543320000,35.98,1543377600,6.81,16.35,1543338000,2.01
1543406400,partly-cloudy-day,0.7,Mostly cloudy throughout the day.,1543405935,1543439718,0.7,28.88,0.7,0.0,0.0,0.0,993.11,41.6,1543438800,34.22,1543399200,10.0,15.84,1543431600,6.04
1543492800,partly-cloudy-night,0.74,Partly cloudy in the morning.,1543492402,1543526094,0.37,27.35,0.61,0.0,0.0,0.0,1006.44,44.35,1543510800,35.3,1543550400,10.0,22.74,1543514400,8.33
1543579200,partly-cloudy-night,0.77,Mostly cloudy starting in the afternoon.,1543578867,1543612472,0.46,26.74,0.71,0.0,0.0,0.0,1016.51,41.5,1543597200,29.32,1543579200,10.0,5.03,1543593600,2.4
1543665600,partly-cloudy-day,0.81,Mostly cloudy throughout the day.,1543665331,1543698852,0.52,28.06,0.72,0.0,0.0,0.0,1021.99,43.15,1543690800,32.08,1543658400,9.98,5.65,1543676400,1.49
1543752000,rain,0.85,Rain until afternoon.,1543751794,1543785235,0.99,41.58,0.91,0.027,0.0879,1.0,1011.14,49.74,1543784400,36.25,1543726800,4.35,6.95,1543766400,1.41
1543838400,fog,0.88,Foggy in the morning.,1543838255,1543871620,0.68,39.79,0.73,0.0,0.0,0.0,1000.73,55.85,1543852800,42.98,1543896000,6.91,15.81,1543856400,4.1
1543924800,partly-cloudy-night,0.92,Partly cloudy in the morning.,1543924716,1543958007,0.24,17.22,0.5,0.0,0.0,0.0,1011.17,41.3,1543899600,25.68,1543982400,10.0,16.71,1543939200,7.24
1544011200,partly-cloudy-night,0.95,Mostly cloudy starting in the afternoon.,1544011175,1544044397,0.39,13.44,0.55,0.0,0.0,0.0,1018.51,34.85,1544036400,20.11,1544011200,10.0,5.57,1544032800,2.05
1544097600,partly-cloudy-night,0.98,Partly cloudy starting in the afternoon.,1544097632,1544130789,0.45,19.01,0.56,0.0,0.0,0.0,1018.88,39.28,1544119200,27.28,1544097600,9.98,15.09,1544119200,3.68
1544184000,partly-cloudy-night,0.02,Partly cloudy in the morning.,1544184088,1544217184,0.23,15.68,0.51,0.0,0.0,0.0,1023.23,38.1,1544205600,24.9,1544241600,9.97,16.31,1544198400,4.76
1544270400,clear-day,0.05,Clear throughout the day.,1544270543,1544303580,0.04,3.08,0.43,0.0,0.0,0.0,1030.34,28.95,1544295600,17.47,1544328000,10.0,10.74,1544295600,4.77
1544356800,clear-day,0.08,Clear throughout the day.,1544356996,1544389980,0.02,13.89,0.59,0.0,0.0,0.0,1027.46,35.23,1544382000,16.68,1544353200,10.0,10.68,1544382000,3.58
1544443200,clear-day,0.11,Clear throughout the day.,1544443447,1544476381,0.0,14.33,0.55,0.0,0.0,0.0,1019.76,37.78,1544468400,22.3,1544500800,10.0,10.36,1544454000,3.28
1544529600,partly-cloudy-night,0.14,Mostly cloudy starting in the evening.,1544529897,1544562785,0.2,14.08,0.58,0.0,0.0,0.0,1018.89,36.76,1544554800,18.58,1544529600,10.0,6.56,1544558400,1.15
1544616000,partly-cloudy-night,0.17,Mostly cloudy in the morning.,1544616345,1544649192,0.38,12.36,0.48,0.0,0.0,0.0,1017.98,36.9,1544637600,22.34,1544673600,10.0,17.13,1544634000,5.37
1544702400,partly-cloudy-night,0.2,Mostly cloudy throughout the day.,1544702791,1544735600,0.48,13.21,0.59,0.0,0.0,0.0,1032.93,32.54,1544731200,17.81,1544688000,9.99,5.35,1544727600,1.16
1544788800,partly-cloudy-night,0.23,Mostly cloudy starting in the afternoon.,1544789236,1544822012,0.53,28.3,0.72,0.0,0.0,0.0,1031.29,45.45,1544814000,27.23,1544785200,9.91,6.86,1544846400,1.79
1544875200,partly-cloudy-day,0.26,Mostly cloudy until afternoon.,1544875678,1544908425,0.57,40.12,0.78,0.0003,0.0048,0.2,1022.32,53.45,1544896800,39.57,1544929200,9.59,8.21,1544914800,0.83
1544961600,rain,0.29,Rain starting in the evening.,1544962119,1544994841,0.81,33.56,0.76,0.0165,0.1257,1.0,1017.85,42.67,1544990400,38.49,1544947200,8.5,15.64,1545015600,6.01
1545048000,partly-cloudy-day,0.32,Mostly cloudy throughout the day.,1545048557,1545081259,0.92,32.43,0.82,0.0028,0.0168,1.0,1002.74,40.94,1545076800,34.7,1545044400,7.95,12.26,1545022800,5.07
1545134400,partly-cloudy-day,0.36,Mostly cloudy in the morning.,1545134994,1545167679,0.39,11.56,0.49,0.0001,0.0022,0.21,1010.09,37.16,1545109200,23.64,1545192000,9.78,26.86,1545130800,10.38
1545220800,clear-day,0.39,Clear throughout the day.,1545221429,1545254102,0.05,11.11,0.46,0.0,0.0,0.0,1018.4,40.56,1545249600,21.85,1545220800,10.0,8.25,1545195600,3.22
1545307200,partly-cloudy-night,0.42,Mostly cloudy starting in the evening.,1545307861,1545340527,0.11,26.81,0.62,0.0,0.0,0.0,1019.07,48.52,1545332400,29.83,1545307200,10.0,7.61,1545321600,2.43
1545393600,rain,0.46,Rain in the morning and afternoon.,1545394292,1545426955,1.0,52.06,0.9,0.0286,0.0932,1.0,1002.99,63.92,1545426000,42.4,1545368400,6.73,23.47,1545415200,5.96
1545480000,partly-cloudy-day,0.49,Mostly cloudy until evening.,1545480720,1545513384,0.73,40.13,0.75,0.0008,0.0099,1.0,995.63,56.71,1545454800,36.52,1545537600,9.8,20.51,1545508800,5.09
1545566400,partly-cloudy-night,0.53,Mostly cloudy overnight.,1545567146,1545599816,0.06,18.49,0.53,0.0,0.0,0.0,1016.89,40.5,1545595200,28.81,1545624000,10.0,12.7,1545584400,5.04
1545652800,partly-cloudy-day,0.57,Mostly cloudy throughout the day.,1545653570,1545686250,0.81,25.02,0.72,0.0,0.0,0.0,1016.62,36.86,1545667200,29.68,1545627600,9.43,4.62,1545663600,2.33
1545739200,clear-day,0.61,Clear throughout the day.,1545739992,1545772685,0.06,14.93,0.52,0.0,0.0,0.0,1021.84,37.17,1545764400,26.0,1545793200,9.99,13.38,1545757200,4.78
1545825600,partly-cloudy-night,0.65,Mostly cloudy starting in the evening.,1545826411,1545859124,0.27,12.21,0.48,0.0,0.0,0.0,1028.68,38.77,1545854400,22.17,1545822000,10.0,18.57,1545850800,4.48
1545912000,partly-cloudy-night,0.68,"Partly cloudy starting in the afternoon, continuing until evening.",1545912828,1545945564,0.29,15.59,0.51,0.0,0.0,0.0,1035.46,36.46,1545940800,29.5,1545915600,10.0,17.22,1545912000,2.72
1545998400,rain,0.72,Rain until evening.,1545999243,1546032006,0.95,38.3,0.84,0.0118,0.0901,1.0,1020.38,52.55,1546034400,31.76,1545973200,6.45,10.78,1546041600,4.79
1546084800,partly-cloudy-day,0.76,Mostly cloudy throughout the day.,1546085656,1546118450,0.63,35.62,0.69,0.0,0.0,0.0,1011.64,50.43,1546106400,34.3,1546142400,7.97,20.9,1546113600,7.1
1546171200,partly-cloudy-night,0.79,Mostly cloudy throughout the day.,1546172066,1546204896,0.31,15.12,0.55,0.0,0.0,0.0,1023.13,34.88,1546200000,25.8,1546171200,9.99,9.95,1546146000,1.44
1546257600,rain,0.83,Rain starting in the evening.,1546258474,1546291344,0.66,27.16,0.69,0.0056,0.0605,1.0,1025.81,43.72,1546286400,29.7,1546232400,9.36,8.45,1546311600,3.97
1546344000,rain,0.86,Light rain in the morning.,1546344880,1546377793,0.57,36.09,0.7,0.0185,0.1184,1.0,1007.02,55.94,1546362000,35.02,1546401600,8.31,30.66,1546362000,6.24
1546430400,partly-cloudy-night,0.9,Mostly cloudy overnight.,1546431283,1546464245,0.06,9.9,0.43,0.0,0.0,0.0,1024.84,35.31,1546455600,27.39,1546434000,10.0,9.49,1546430400,3.17
1546516800,partly-cloudy-day,0.93,Mostly cloudy throughout the day.,1546517684,1546550698,0.8,27.18,0.67,0.0002,0.0023,0.42,1013.54,44.49,1546542000,30.6,1546491600,9.74,14.47,1546545600,3.1
1546603200,cloudy,0.96,Overcast in the morning.,1546604083,1546637153,0.35,25.02,0.55,0.0,0.0,0.0,1012.27,46.41,1546632000,34.37,1546606800,10.0,12.81,1546614000,6.0
1546689600,rain,0.99,Rain in the morning and afternoon.,1546690479,1546723610,0.73,35.02,0.85,0.0147,0.0756,1.0,1002.87,41.58,1546704000,35.89,1546747200,7.01,8.5,1546725600,2.77
1546776000,partly-cloudy-day,0.02,Mostly cloudy until evening.,1546776873,1546810068,0.56,25.11,0.65,0.0,0.0,0.0,1010.02,44.12,1546801200,26.61,1546833600,9.97,24.01,1546826400,8.73
1546862400,cloudy,0.05,Overcast overnight.,1546863264,1546896527,0.08,0.01,0.35,0.0,0.0,0.0,1028.32,29.62,1546891200,18.07,1546866000,10.0,22.61,1546844400,7.48
1546948800,fog,0.08,"Foggy starting in the afternoon, continuing until evening.",1546949654,1546982988,1.0,25.91,0.74,0.0011,0.0153,1.0,1016.65,40.31,1546984800,27.25,1546923600,5.35,6.41,1546956000,1.89
1547035200,rain,0.11,Light rain in the morning.,1547036041,1547069451,0.9,30.94,0.76,0.0043,0.0462,1.0,995.12,43.27,1547056800,34.67,1547013600,7.51,20.93,1547064000,5.12
1547121600,partly-cloudy-day,0.14,Mostly cloudy until evening.,1547122425,1547155915,0.71,18.26,0.56,0.0,0.0,0.0,1000.47,34.25,1547096400,25.07,1547179200,9.7,19.32,1547150400,6.95
1547208000,clear-day,0.17,Clear throughout the day.,1547208808,1547242380,0.02,5.14,0.46,0.0,0.0,0.0,1017.69,27.4,1547229600,15.89,1547265600,10.0,17.61,1547229600,8.27
1547294400,partly-cloudy-day,0.2,Partly cloudy in the morning.,1547295188,1547328846,0.05,-2.44,0.38,0.0,0.0,0.0,1030.92,27.45,1547323200,12.74,1547290800,10.0,14.48,1547316000,6.4
1547380800,partly-cloudy-night,0.24,Mostly cloudy starting in the evening.,1547381566,1547415314,0.15,6.42,0.54,0.0,0.0,0.0,1030.7,27.82,1547409600,14.58,1547384400,10.0,5.98,1547406000,2.38
1547467200,partly-cloudy-day,0.27,Mostly cloudy until afternoon.,1547467941,1547501782,0.61,14.33,0.65,0.0,0.0,0.0,1023.24,30.42,1547496000,19.7,1547521200,9.94,6.81,1547488800,3.22
1547553600,clear-day,0.3,Clear throughout the day.,1547554315,1547588252,0.04,13.45,0.6,0.0,0.0,0.0,1018.41,35.95,1547582400,16.97,1547539200,9.99,9.69,1547571600,2.78
1547640000,partly-cloudy-night,0.34,Partly cloudy overnight.,1547640686,1547674722,0.37,18.6,0.63,0.0,0.0,0.0,1015.97,37.02,1547668800,19.19,1547625600,10.0,12.19,1547690400,3.95
1547726400,partly-cloudy-night,0.37,Mostly cloudy starting in the evening.,1547727055,1547761194,0.14,0.71,0.37,0.0,0.0,0.0,1026.95,30.12,1547701200,16.47,1547730000,10.0,9.13,1547712000,2.72
1547812800,partly-cloudy-day,0.41,Mostly cloudy throughout the day.,1547813422,1547847666,0.77,20.33,0.63,0.0,0.0,0.0,1020.28,40.3,1547841600,23.39,1547812800,10.0,6.44,1547838000,1.21
1547899200,snow,0.44,Light snow (< 1 in.) overnight.,1547899786,1547934140,0.64,18.95,0.68,0.0006,0.0052,0.6,1023.66,32.23,1547874000,25.28,1547892000,7.94,9.42,1547946000,2.87
1547985600,snow,0.48,Mixed precipitation (2–4 in. of snow) until afternoon.,1547986149,1548020614,0.93,21.97,0.87,0.0205,0.0982,1.0,1000.78,32.24,1547982000,10.12,1548043200,3.68,22.37,1548043200,4.53
1548072000,partly-cloudy-day,0.52,Mostly cloudy throughout the day.,1548072509,1548107088,0.68,-7.33,0.57,0.0,0.0,0.0,1008.97,7.87,1548046800,2.45,1548075600,7.93,21.64,1548086400,8.52
1548158400,partly-cloudy-night,0.56,Mostly cloudy starting in the evening.,1548158868,1548193564,0.09,-5.97,0.39,0.0001,0.003,0.02,1030.8,27.31,1548187200,5.17,1548133200,10.0,17.13,1548144000,5.25
1548244800,cloudy,0.59,Overcast throughout the day.,1548245224,1548280040,0.62,20.66,0.66,0.003,0.016,0.52,1024.45,46.3,1548302400,12.93,1548226800,10.0,18.34,1548270000,4.95
1548331200,rain,0.63,Rain until evening.,1548331578,1548366516,0.96,48.39,0.88,0.0401,0.1858,1.0,1000.63,57.34,1548363600,38.11,1548388800,6.62,28.46,1548356400,8.25
1548417600,partly-cloudy-day,0.67,Partly cloudy until evening.,1548417931,1548452993,0.4,18.05,0.52,0.0,0.0,0.0,1010.91,38.61,1548439200,27.54,1548475200,9.99,17.01,1548396000,5.06
1548504000,partly-cloudy-day,0.7,Partly cloudy in the afternoon.,1548504281,1548539471,0.22,8.99,0.48,0.0,0.0,0.0,1023.23,34.15,1548532800,18.75,1548504000,10.0,10.02,1548529200,2.31
1548590400,partly-cloudy-night,0.74,Partly cloudy throughout the day.,1548590630,1548625948,0.37,23.6,0.66,0.0,0.0,0.0,1018.71,44.85,1548619200,19.28,1548586800,10.0,20.33,1548615600,4.16
1548676800,partly-cloudy-night,0.77,Mostly cloudy starting in the evening.,1548676976,1548712426,0.18,9.65,0.45,0.0,0.0,0.0,1017.92,39.2,1548651600,22.61,1548734400,10.0,11.89,1548662400,3.82
1548763200,rain,0.81,Light rain overnight.,1548763321,1548798905,0.95,17.8,0.68,0.0004,0.0088,0.68,1017.15,34.17,1548817200,20.47,1548766800,9.18,7.43,1548774000,2.62
1548849600,rain,0.84,Mixed precipitation in the morning.,1548849664,1548885383,0.57,14.94,0.62,0.0045,0.0269,1.0,1008.84,34.52,1548831600,9.5,1548907200,8.02,24.58,1548900000,4.93
1548936000,clear-day,0.87,Clear throughout the day.,1548936005,1548971862,0.0,-13.22,0.36,0.0,0.0,0.0,1023.89,15.3,1548968400,1.75,1548936000,10.0,15.68,1548910800,6.47
1549022400,clear-day,0.91,Clear throughout the day.,1549022344,1549058341,0.02,-6.31,0.4,0.0,0.0,0.0,1027.34,21.13,1549051200,7.24,1549022400,10.0,12.59,1549044000,5.08
1549108800,partly-cloudy-night,0.94,Mostly cloudy starting in the afternoon.,1549108682,1549144820,0.38,3.46,0.48,0.0,0.0,0.0,1020.95,32.54,1549141200,7.62,1549094400,10.0,14.01,1549148400,4.6
1549195200,partly-cloudy-day,0.97,Mostly cloudy until afternoon.,1549195018,1549231300,0.72,22.67,0.66,0.0,0.0,0.0,1020.19,38.51,1549227600,27.69,1549188000,9.4,6.68,1549252800,1.19
1549281600,clear-day,0.99,Clear throughout the day.,1549281352,1549317779,0.16,35.06,0.68,0.0,0.0,0.0,1016.86,61.74,1549310400,35.0,1549260000,8.79,9.65,1549303200,3.81
1549368000,partly-cloudy-day,0.03,Mostly cloudy until afternoon.,1549367684,1549404258,0.25,38.44,0.66,0.0,0.0,0.0,1013.48,63.76,1549396800,40.82,1549353600,9.9,12.04,1549382400,3.9
1549454400,rain,0.06,Rain starting in the evening.,1549454015,1549490737,0.32,24.52,0.66,0.0089,0.0796,1.0,1023.07,39.49,1549432800,31.2,1549454400,9.29,8.92,1549465200,2.37
1549540800,rain,0.09,Light rain in the morning.,1549540345,1549577216,1.0,34.85,0.92,0.008,0.0685,1.0,1020.8,39.55,1549569600,33.46,1549515600,4.9,8.38,1549566000,3.73
1549627200,rain,0.12,Light rain until afternoon.,1549626673,1549663695,0.62,32.13,0.76,0.0029,0.026,1.0,1011.66,52.17,1549656000,30.45,1549684800,7.71,24.03,1549681200,4.66
1549713600,partly-cloudy-night,0.15,Partly cloudy in the morning.,1549712999,1549750174,0.1,1.46,0.32,0.0,0.0,0.0,1028.24,33.37,1549742400,23.4,1549713600,9.99,25.36,1549728000,8.75
1549800000,partly-cloudy-night,0.18,Mostly cloudy overnight.,1549799324,1549836653,0.08,5.75,0.4,0.0,0.0,0.0,1033.06,34.62,1549828800,20.64,1549800000,10.0,12.15,1549814400,4.51
1549886400,cloudy,0.21,Overcast in the morning.,1549885647,1549923132,0.5,6.19,0.37,0.0,0.0,0.0,1027.24,35.62,1549918800,25.89,1549944000,10.0,10.57,1549911600,4.34
1549972800,rain,0.25,Mixed precipitation starting in the afternoon.,1549971969,1550009610,0.57,12.23,0.63,0.0069,0.0471,0.97,1027.54,33.9,1550030400,16.94,1549972800,6.86,10.72,1550026800,3.56
1550059200,rain,0.28,Rain in the morning.,1550058290,1550096088,0.97,31.08,0.81,0.021,0.1003,1.0,1002.2,40.61,1550084400,31.75,1550116800,6.48,12.91,1550088000,2.89
1550145600,partly-cloudy-day,0.32,Partly cloudy until afternoon.,1550144609,1550182566,0.32,17.63,0.55,0.0,0.0,0.0,1013.34,38.43,1550174400,28.74,1550196000,10.0,19.75,1550156400,5.15
1550232000,rain,0.35,Light rain in the afternoon.,1550230927,1550269044,0.72,35.81,0.8,0.0025,0.0222,1.0,1010.29,50.43,1550275200,28.84,1550210400,9.5,12.03,1550271600,3.78
1550318400,clear-day,0.39,Clear throughout the day.,1550317244,1550355521,0.2,20.99,0.51,0.0,0.0,0.0,1008.62,45.85,1550293200,29.8,1550376000,10.0,12.63,1550347200,5.35
1550404800,snow,0.43,Snow (< 1 in.) overnight.,1550403560,1550441999,0.16,10.55,0.48,0.0,0.0,0.0,1018.3,36.13,1550437200,21.33,1550404800,10.0,10.05,1550386800,2.01
1550491200,fog,0.47,Foggy in the morning.,1550489874,1550528475,0.87,23.96,0.84,0.0028,0.016,0.77,1013.87,31.06,1550505600,22.08,1550548800,4.44,8.74,1550548800,1.84
1550577600,clear-day,0.51,Clear throughout the day.,1550576187,1550614952,0.02,3.36,0.44,0.0002,0.002,0.2,1030.62,31.61,1550606400,14.44,1550577600,10.0,12.46,1550592000,5.72
1550664000,snow,0.54,Snow (1–2 in.) overnight.,1550662499,1550701428,0.38,7.29,0.52,0.0003,0.0055,0.56,1033.02,29.26,1550696400,14.07,1550656800,9.11,5.71,1550674800,1.98
1550750400,partly-cloudy-day,0.58,Mostly cloudy throughout the day.,1550748810,1550787904,0.71,27.74,0.75,0.0073,0.0371,0.83,1013.84,46.09,1550782800,24.35,1550725200,6.7,16.98,1550779200,2.7
1550836800,partly-cloudy-day,0.62,Mostly cloudy until afternoon.,1550835120,1550874380,0.42,21.55,0.51,0.0,0.0,0.0,1024.58,44.14,1550865600,31.18,1550894400,10.0,10.45,1550847600,3.79
1550923200,partly-cloudy-night,0.65,Mostly cloudy overnight.,1550921429,1550960855,0.07,19.86,0.6,0.0,0.0,0.0,1030.35,39.75,1550952000,25.75,1550923200,10.0,5.61,1550941200,0.73
1551009600,rain,0.69,Light rain until afternoon.,1551007737,1551047330,0.93,35.73,0.88,0.01,0.0443,1.0,1006.34,44.88,1551045600,32.17,1550984400,5.85,14.7,1551067200,2.05
1551096000,partly-cloudy-day,0.72,Mostly cloudy throughout the day.,1551094044,1551133804,0.73,16.47,0.48,0.0001,0.0028,0.29,1000.26,39.61,1551074400,28.76,1551153600,9.78,33.85,1551132000,10.96
1551182400,clear-day,0.75,Clear throughout the day.,1551180350,1551220278,0.03,-1.96,0.31,0.0,0.0,0.0,1021.81,29.32,1551207600,18.16,1551240000,10.0,24.24,1551157200,9.63
1551268800,snow,0.79,Light snow (< 1 in.) overnight.,1551266655,1551306752,0.51,-4.66,0.37,0.0001,0.0013,0.19,1026.88,24.29,1551301200,11.39,1551268800,9.24,13.12,1551243600,4.3
1551355200,partly-cloudy-day,0.82,Mostly cloudy until afternoon.,1551352960,1551393225,0.61,11.5,0.65,0.0024,0.0087,0.73,1021.35,30.1,1551387600,17.34,1551412800,6.86,8.71,1551380400,2.86
1551441600,partly-cloudy-day,0.85,Mostly cloudy in the morning.,1551439263,1551479699,0.31,11.16,0.52,0.0,0.0,0.0,1027.2,38.26,1551474000,15.97,1551420000,10.0,7.48,1551474000,0.94
1551528000,snow,0.88,Light snow (< 1 in.) in the morning and afternoon.,1551525566,1551566171,0.96,25.33,0.79,0.0027,0.0131,0.86,1018.2,32.12,1551549600,28.91,1551502800,6.8,12.49,1551549600,3.3
1551614400,snow,0.91,Snow (< 1 in.) overnight.,1551611868,1551652644,0.8,25.27,0.72,0.0005,0.0093,0.55,1017.76,40.25,1551636000,26.04,1551610800,8.95,5.92,1551650400,1.01
1551700800,snow,0.94,Heavy snow (1–3 in.) in the morning and afternoon.,1551698170,1551739116,0.91,26.84,0.77,0.019,0.1026,0.87,1006.98,38.09,1551726000,24.92,1551758400,6.09,13.17,1551758400,4.08
1551787200,partly-cloudy-night,0.97,Mostly cloudy overnight.,1551784470,1551825587,0.0,5.07,0.46,0.0,0.0,0.0,1015.06,29.91,1551819600,15.99,1551783600,10.0,12.68,1551762000,3.86
1551873600,partly-cloudy-day,0.01,"Mostly cloudy starting in the afternoon, continuing until evening.",1551870770,1551912059,0.35,-0.91,0.4,0.0,0.0,0.0,1016.29,25.09,1551898800,15.24,1551873600,9.99,20.07,1551891600,6.47
1551960000,partly-cloudy-day,0.03,"Mostly cloudy starting in the afternoon, continuing until evening.",1551957070,1551998530,0.22,0.03,0.44,0.0,0.0,0.0,1023.5,27.72,1551992400,10.58,1551949200,10.0,14.55,1551974400,5.23
1552046400,clear-day,0.06,Clear throughout the day.,1552043369,1552085001,0.02,6.73,0.48,0.0,0.0,0.0,1026.58,36.59,1552078800,9.35,1552039200,10.0,12.36,1552071600,4.1
1552132800,clear-day,0.1,Clear throughout the day.,1552129667,1552171471,0.0,15.51,0.55,0.0,0.0,0.0,1025.98,45.09,1552161600,19.72,1552129200,9.89,7.36,1552147200,0.96
1552219200,rain,0.13,Mixed precipitation until evening.,1552215965,1552257941,0.77,29.56,0.85,0.0171,0.0721,1.0,1022.44,38.63,1552258800,27.11,1552197600,4.63,10.93,1552230000,2.8
1552305600,partly-cloudy-day,0.16,Partly cloudy until evening.,1552302266,1552344408,0.32,27.36,0.62,0.0,0.0,0.0,1013.07,49.29,1552334400,35.52,1552276800,9.79,17.11,1552330800,6.08
1552392000,partly-cloudy-day,0.19,Mostly cloudy until afternoon.,1552388563,1552430877,0.28,18.73,0.47,0.0,0.0,0.0,1018.1,43.53,1552424400,33.33,1552446000,10.0,16.97,1552417200,6.34
1552478400,partly-cloudy-night,0.23,Mostly cloudy starting in the evening.,1552474860,1552517347,0.27,17.39,0.51,0.0,0.0,0.0,1026.67,42.51,1552503600,24.84,1552471200,9.94,6.61,1552496400,0.63
1552564800,cloudy,0.26,Overcast until evening.,1552561156,1552603816,0.81,29.61,0.62,0.0,0.0,0.0,1024.32,49.63,1552593600,35.54,1552554000,10.0,8.41,1552600800,2.77
1552651200,rain,0.3,Rain overnight.,1552647452,1552690285,0.59,47.05,0.82,0.0051,0.1053,1.0,1010.29,61.67,1552680000,41.3,1552622400,9.67,17.29,1552672800,5.8
1552737600,partly-cloudy-day,0.34,Partly cloudy until evening.,1552733748,1552776754,0.33,28.41,0.54,0.0012,0.0202,1.0,1009.28,52.8,1552708800,35.8,1552791600,9.79,25.22,1552759200,7.66
1552824000,partly-cloudy-day,0.38,Partly cloudy until evening.,1552820043,1552863222,0.23,10.91,0.37,0.0,0.0,0.0,1018.67,40.28,1552852800,30.96,1552820400,10.0,15.36,1552852800,6.27
1552910400,clear-day,0.41,Clear throughout the day.,1552906338,1552949690,0.04,8.98,0.38,0.0,0.0,0.0,1023.71,42.0,1552942800,25.2,1552906800,10.0,13.5,1552932000,4.28
1552996800,partly-cloudy-day,0.45,Partly cloudy in the morning.,1552992633,1553036159,0.33,14.39,0.46,0.0,0.0,0.0,1027.77,43.69,1553029200,25.68,1552975200,9.99,12.45,1553022000,3.09
1553083200,partly-cloudy-day,0.48,"Partly cloudy starting in the afternoon, continuing until evening.",1553078928,1553122627,0.09,20.37,0.52,0.0,0.0,0.0,1028.29,50.54,1553112000,23.69,1553072400,9.99,12.32,1553115600,2.64
1553169600,rain,0.53,Light rain overnight.,1553165223,1553209094,0.58,28.76,0.61,0.0,0.0,0.0,1020.9,50.35,1553194800,33.5,1553166000,9.96,12.16,1553187600,3.61
1553256000,rain,0.56,"Rain until afternoon, starting again overnight.",1553251518,1553295562,0.99,35.5,0.85,0.021,0.1338,1.0,992.86,41.88,1553288400,38.04,1553263200,6.94,20.08,1553292000,3.87
1553342400,partly-cloudy-day,0.6,Mostly cloudy in the morning.,1553337813,1553382030,0.49,25.15,0.61,0.0012,0.0131,1.0,1000.58,46.19,1553374800,32.43,1553335200,8.62,24.34,1553371200,8.61
1553428800,clear-day,0.63,Clear throughout the day.,1553424108,1553468497,0.05,16.05,0.34,0.0,0.0,0.0,1015.58,58.09,1553454000,29.51,1553425200,10.0,20.22,1553443200,5.59
1553515200,partly-cloudy-day,0.67,Mostly cloudy until afternoon.,1553510402,1553554965,0.19,16.65,0.37,0.0,0.0,0.0,1016.97,49.82,1553544000,32.55,1553569200,10.0,12.95,1553540400,2.41
1553601600,clear-day,0.7,Clear throughout the day.,1553596697,1553641432,0.02,7.31,0.34,0.0,0.0,0.0,1023.65,43.93,1553630400,27.21,1553598000,9.99,12.84,1553612400,3.58
1553688000,clear-day,0.73,Clear throughout the day.,1553682992,1553727899,0.01,8.94,0.34,0.0,0.0,0.0,1032.64,43.84,1553716800,24.81,1553684400,10.0,9.21,1553709600,0.98
1553774400,partly-cloudy-night,0.76,Mostly cloudy overnight.,1553769287,1553814366,0.08,26.72,0.58,0.0,0.0,0.0,1028.62,52.54,1553799600,29.55,1553763600,10.0,18.0,1553806800,6.34
1553860800,partly-cloudy-day,0.79,Mostly cloudy throughout the day.,1553855583,1553900834,0.92,39.95,0.72,0.0007,0.0093,1.0,1019.36,55.97,1553878800,42.48,1553835600,9.82,11.74,1553832000,4.53
1553947200,partly-cloudy-day,0.83,Mostly cloudy until evening.,1553941878,1553987301,0.62,44.31,0.73,0.0,0.0,0.0,1018.84,65.52,1553976000,43.77,1553943600,9.27,17.37,1553983200,3.19
1554033600,rain,0.86,"Light rain starting in the afternoon, continuing until evening.",1554028174,1554073768,0.74,47.67,0.78,0.0044,0.0462,1.0,1006.91,66.87,1554044400,40.85,1554087600,9.46,25.32,1554044400,5.95
1554120000,partly-cloudy-night,0.89,Mostly cloudy in the morning.,1554114470,1554160235,0.2,16.54,0.43,0.0,0.0,0.0,1016.62,44.33,1554141600,30.08,1554174000,10.0,24.19,1554145200,7.03
1554206400,rain,0.91,Light rain overnight.,1554200766,1554246702,0.04,17.94,0.45,0.0,0.0,0.0,1028.59,50.95,1554231600,25.1,1554199200,10.0,14.95,1554235200,3.52
1554292800,rain,0.94,Rain in the morning.,1554287063,1554333169,0.59,30.3,0.57,0.01,0.0536,1.0,1013.41,62.55,1554325200,38.0,1554289200,8.97,25.52,1554328800,5.46
1554379200,clear-day,0.97,Clear throughout the day.,1554373360,1554419636,0.02,8.81,0.25,0.0,0.0,0.0,1024.29,50.48,1554408000,37.82,1554375600,10.0,23.84,1554350400,7.42
1554465600,rain,0.02,Light rain overnight.,1554459657,1554506103,0.32,12.96,0.37,0.0014,0.0236,1.0,1030.9,46.83,1554487200,30.01,1554458400,9.62,9.93,1554508800,1.38
1554552000,rain,0.04,Light rain in the morning.,1554545955,1554592571,0.56,38.11,0.71,0.0059,0.0311,1.0,1021.76,65.2,1554577200,35.44,1554526800,8.81,13.22,1554570000,2.47
1554638400,partly-cloudy-day,0.07,Mostly cloudy throughout the day.,1554632253,1554679038,0.37,38.11,0.6,0.0,0.0,0.0,1022.45,67.68,1554663600,37.86,1554631200,9.88,11.01,1554667200,3.02
1554724800,rain,0.11,Rain until afternoon.,1554718552,1554765505,0.98,39.89,0.87,0.0104,0.0573,1.0,1013.8,54.2,1554696000,36.83,1554778800,7.12,12.27,1554746400,3.44
1554811200,rain,0.14,Light rain in the evening.,1554804852,1554851973,1.0,35.16,0.9,0.0034,0.0415,1.0,1007.36,41.33,1554840000,34.96,1554800400,8.38,9.87,1554811200,3.44
1554897600,partly-cloudy-day,0.18,Mostly cloudy until evening.,1554891151,1554938440,0.79,28.81,0.65,0.0001,0.0014,0.08,1009.24,46.85,1554922800,36.57,1554951600,9.64,20.31,1554919200,6.26
1554984000,partly-cloudy-night,0.21,Partly cloudy starting in the evening.,1554977452,1555024908,0.18,19.01,0.41,0.0,0.0,0.0,1022.36,53.88,1555012800,32.64,1554969600,9.96,12.82,1554987600,2.93
1555070400,rain,0.25,Light rain overnight.,1555063753,1555111375,0.82,35.33,0.66,0.0002,0.0019,0.26,1025.38,52.23,1555099200,37.86,1555059600,9.8,10.22,1555095600,3.91
1555156800,rain,0.29,Rain in the morning.,1555150055,1555197843,0.66,55.44,0.77,0.0138,0.0582,1.0,1016.65,73.67,1555185600,53.79,1555128000,8.69,15.7,1555138800,6.76
1555243200,fog,0.33,Foggy overnight.,1555236358,1555284310,0.54,46.08,0.67,0.0002,0.0029,0.6,1012.29,69.17,1555264800,52.31,1555236000,8.41,10.11,1555272000,1.82
1555329600,rain,0.36,Heavy rain in the morning and afternoon.,1555322661,1555370778,0.93,49.08,0.77,0.0257,0.3334,1.0,994.67,67.53,1555354800,47.47,1555383600,7.13,21.33,1555383600,3.59
1555416000,partly-cloudy-night,0.4,Partly cloudy in the morning.,1555408965,1555457246,0.2,24.29,0.37,0.0001,0.0015,0.03,1008.84,60.32,1555448400,42.81,1555412400,9.96,30.38,1555448400,8.89
1555502400,clear-day,0.44,Clear throughout the day.,1555495270,1555543714,0.06,25.88,0.41,0.0001,0.0021,0.01,1020.38,61.7,1555531200,37.29,1555495200,9.98,13.14,1555542000,0.84
1555588800,cloudy,0.47,Overcast throughout the day.,1555581575,1555630182,0.72,37.02,0.68,0.0,0.0002,0.0,1021.63,56.27,1555642800,39.82,1555578000,9.55,17.21,1555560000,4.87
1555675200,partly-cloudy-day,0.52,Mostly cloudy throughout the day.,1555667882,1555716650,0.85,58.07,0.72,0.0,0.0004,0.0,1009.77,75.06,1555704000,58.87,1555646400,9.56,43.79,1555660800,11.04
1555761600,rain,0.55,Light rain in the evening and overnight.,1555754189,1555803118,0.97,62.62,0.86,0.0074,0.0802,1.0,1011.41,71.3,1555783200,63.13,1555815600,8.66,20.64,1555783200,8.6
1555848000,partly-cloudy-day,0.58,Mostly cloudy until evening.,1555840498,1555889586,0.8,55.94,0.83,0.0019,0.019,1.0,1016.76,67.46,1555880400,56.2,1555902000,9.26,11.63,1555884000,3.07
1555934400,rain,0.62,Rain starting in the afternoon.,1555926807,1555976054,0.81,50.17,0.91,0.0499,0.1679,1.0,1017.89,55.4,1555938000,49.87,1555959600,5.89,14.24,1555970400,4.09
1556020800,rain,0.65,Light rain overnight.,1556013117,1556062522,1.0,45.97,0.88,0.0127,0.0917,1.0,1013.35,53.55,1556038800,45.68,1556071200,6.83,11.53,1556024400,3.85
1556107200,partly-cloudy-day,0.68,Mostly cloudy throughout the day.,1556099428,1556148991,0.83,43.89,0.7,0.0027,0.0263,1.0,1006.96,66.72,1556132400,45.8,1556078400,8.65,14.54,1556132400,2.34
1556193600,partly-cloudy-night,0.71,Partly cloudy overnight.,1556185741,1556235459,0.1,38.33,0.62,0.0,0.0,0.0,1013.67,58.76,1556218800,42.7,1556186400,9.92,10.44,1556226000,0.86
1556280000,rain,0.74,Heavy rain in the morning and overnight.,1556272054,1556321927,0.86,43.84,0.9,0.0165,0.2099,1.0,1009.3,48.71,1556283600,44.55,1556330400,7.56,13.82,1556301600,4.65
1556366400,partly-cloudy-day,0.77,Mostly cloudy throughout the day.,1556358368,1556408395,0.93,36.95,0.66,0.0236,0.2276,1.0,996.75,52.64,1556384400,44.29,1556420400,8.22,20.8,1556388000,5.75
1556452800,partly-cloudy-day,0.8,Mostly cloudy until evening.,1556444684,1556494863,0.51,34.91,0.62,0.0007,0.014,0.8,1014.54,52.86,1556467200,42.68,1556445600,9.7,10.38,1556424000,4.34
1556539200,cloudy,0.83,Overcast starting in the evening.,1556531001,1556581331,0.13,28.54,0.48,0.0,0.0001,0.0,1026.08,62.29,1556568000,38.14,1556528400,9.58,13.32,1556546400,2.96
1556625600,rain,0.86,Light rain in the morning.,1556617319,1556667799,0.82,39.93,0.77,0.005,0.0292,1.0,1024.9,52.27,1556661600,43.17,1556618400,8.59,7.93,1556665200,1.15
1556712000,cloudy,0.89,Overcast throughout the day.,1556703638,1556754267,0.8,35.09,0.6,0.0,0.0,0.0,1029.37,57.01,1556737200,40.74,1556690400,9.86,7.53,1556762400,1.35
1556798400,cloudy,0.92,Overcast throughout the day.,1556789958,1556840734,1.0,43.64,0.91,0.0027,0.0195,1.0,1022.85,48.71,1556769600,43.7,1556848800,7.25,8.33,1556820000,3.12
1556884800,rain,0.95,Light rain in the afternoon.,1556876280,1556927202,0.99,45.54,0.86,0.003,0.041,1.0,1020.34,57.13,1556906400,43.72,1556856000,9.32,5.94,1556920800,2.21
1556971200,rain,0.98,Light rain in the morning.,1556962603,1557013669,0.98,48.13,0.88,0.0021,0.0245,1.0,1012.97,54.73,1557000000,48.48,1556967600,7.94,4.67,1556978400,1.41
