Day,Detail,Moonphase,Summary,Sunrise,Sunset,cloudCover,dewPoint,humidity,precipIntensity,precipIntensityMax,precipProbability,pressure,temperatureMax,temperatureMaxTime,temperatureMin,temperatureMinTime,visibility,windGust,windGustTime,windSpeed
1493985600,rain,0.34,"Heavy rain starting in the afternoon, continuing until evening.",1493977104,1494028147,0.89,48.56,0.88,0.0454,0.3146,1.0,1013.41,57.19,1494039600,48.04,1493956800,6.72,19.78,1494010800,5.37
1494072000,rain,0.37,Rain until afternoon.,1494063433,1494114611,0.95,55.8,0.93,0.0098,0.0651,0.99,1000.38,62.46,1494100800,53.73,1494126000,7.21,18.66,1494068400,6.12
1494158400,partly-cloudy-day,0.4,Mostly cloudy throughout the day.,1494149763,1494201075,0.66,47.19,0.8,0.0,0.0009,0.0,1003.24,57.46,1494172800,50.21,1494212400,10.0,16.55,1494172800,6.8
1494244800,partly-cloudy-day,0.43,Mostly cloudy until evening.,1494236094,1494287539,0.57,35.92,0.63,0.0,0.0,0.0,1009.2,53.25,1494277200,42.66,1494237600,10.0,14.88,1494262800,5.3
1494331200,partly-cloudy-day,0.46,Mostly cloudy throughout the day.,1494322427,1494374003,0.7,36.75,0.67,0.0,0.0,0.0,1015.05,54.0,1494356400,40.73,1494316800,10.0,8.21,1494360000,0.33
1494417600,partly-cloudy-day,0.49,Mostly cloudy throughout the day.,1494408762,1494460466,0.83,37.91,0.63,0.0,0.0,0.0,1015.63,56.12,1494439200,44.04,1494410400,10.0,8.74,1494424800,1.76
1494504000,partly-cloudy-day,0.53,Mostly cloudy throughout the day.,1494495097,1494546929,0.78,41.57,0.69,0.0,0.0,0.0,1015.8,57.38,1494532800,46.95,1494496800,10.0,10.37,1494522000,3.56
1494590400,partly-cloudy-day,0.56,Mostly cloudy throughout the day.,1494581435,1494633391,0.64,44.2,0.81,0.0,0.0,0.0,1017.5,57.17,1494619200,42.52,1494579600,9.95,9.85,1494608400,3.17
1494676800,rain,0.59,Rain starting in the evening.,1494667774,1494719853,0.88,43.92,0.83,0.0051,0.06,1.0,1014.4,54.16,1494698400,45.21,1494655200,9.57,12.79,1494705600,3.77
1494763200,rain,0.62,Rain in the morning.,1494754114,1494806315,0.98,45.67,0.9,0.0398,0.1556,1.0,1000.8,51.88,1494799200,46.56,1494756000,6.43,22.87,1494734400,9.0
1494849600,rain,0.65,Light rain until afternoon.,1494840456,1494892776,0.92,47.1,0.82,0.0035,0.0166,0.99,1001.43,58.66,1494889200,48.45,1494842400,9.95,14.44,1494853200,4.85
1494936000,partly-cloudy-night,0.68,Partly cloudy starting in the evening.,1494926800,1494979236,0.08,48.49,0.58,0.0,0.0,0.0,1011.96,75.97,1494957600,52.64,1494910800,10.0,11.46,1494964800,3.53
1495022400,partly-cloudy-night,0.71,Partly cloudy in the morning.,1495013145,1495065696,0.14,55.51,0.63,0.0,0.0,0.0,1013.63,80.18,1495051200,56.83,1495011600,10.0,15.74,1495044000,4.16
1495108800,partly-cloudy-night,0.74,Partly cloudy overnight.,1495099492,1495152155,0.01,61.94,0.64,0.0,0.0,0.0,1011.32,86.15,1495123200,65.44,1495101600,9.96,13.25,1495144800,4.58
1495195200,partly-cloudy-day,0.78,Partly cloudy starting in the afternoon.,1495185841,1495238613,0.25,62.12,0.64,0.0,0.0004,0.0,1010.59,87.82,1495213200,63.59,1495184400,9.9,11.89,1495216800,2.27
1495281600,partly-cloudy-day,0.81,Mostly cloudy until afternoon.,1495272192,1495325071,0.42,42.63,0.56,0.0,0.0,0.0,1023.71,65.78,1495252800,50.65,1495335600,10.0,12.41,1495256400,3.25
1495368000,partly-cloudy-day,0.85,Partly cloudy until afternoon.,1495358544,1495411528,0.12,42.21,0.63,0.0,0.0,0.0,1027.44,65.26,1495393200,45.27,1495360800,10.0,9.45,1495400400,1.91
1495454400,rain,0.88,Rain starting in the afternoon.,1495444898,1495497984,0.9,48.75,0.84,0.0148,0.0663,1.0,1020.75,56.07,1495508400,51.74,1495483200,8.28,9.78,1495465200,3.51
1495540800,partly-cloudy-day,0.92,Partly cloudy throughout the day.,1495531254,1495584439,0.55,53.46,0.79,0.0019,0.0194,1.0,1011.89,70.0,1495566000,54.11,1495533600,8.79,9.03,1495548000,1.44
1495627200,partly-cloudy-day,0.95,Mostly cloudy throughout the day.,1495617611,1495670894,0.65,53.01,0.8,0.0003,0.0039,0.61,1008.68,66.51,1495652400,55.07,1495620000,9.95,10.29,1495652400,2.83
1495713600,rain,0.98,"Heavy rain until afternoon, starting again overnight.",1495703971,1495757347,0.81,52.87,0.93,0.0081,0.0402,1.0,1006.91,56.23,1495742400,53.34,1495767600,5.29,15.68,1495728000,5.72
1495800000,rain,0.04,Rain in the morning.,1495790332,1495843799,0.99,52.79,0.95,0.0297,0.2292,1.0,1000.94,58.27,1495839600,50.67,1495803600,8.98,10.81,1495782000,2.75
1495886400,partly-cloudy-day,0.07,Mostly cloudy until evening.,1495876695,1495930251,0.67,52.61,0.81,0.0,0.0,0.0,1010.87,65.72,1495911600,53.56,1495875600,10.0,7.29,1495918800,0.47
1495972800,partly-cloudy-day,0.11,Mostly cloudy until evening.,1495963060,1496016701,0.7,52.51,0.82,0.0,0.0,0.0,1015.07,64.57,1495990800,53.0,1496026800,10.0,9.78,1495990800,3.28
1496059200,rain,0.15,Rain until afternoon.,1496049427,1496103150,0.78,49.81,0.93,0.0114,0.0609,0.99,1016.29,53.74,1496080800,50.21,1496113200,9.11,10.25,1496066400,4.19
1496145600,fog,0.18,Foggy overnight.,1496135796,1496189598,0.98,51.61,0.92,0.0,0.0,0.0,1021.64,60.12,1496167200,49.74,1496127600,8.72,7.91,1496163600,1.57
1496232000,rain,0.22,Light rain in the afternoon.,1496222167,1496276044,1.0,57.36,0.97,0.0058,0.0481,0.8,1017.09,63.68,1496257200,52.86,1496203200,3.69,6.08,1496260800,1.62
1496318400,partly-cloudy-day,0.25,Partly cloudy until evening.,1496308540,1496362490,0.44,57.31,0.8,0.0011,0.0171,0.78,1012.38,74.19,1496340000,56.33,1496311200,9.36,11.31,1496340000,2.89
1496404800,partly-cloudy-day,0.29,"Mostly cloudy starting in the afternoon, continuing until evening.",1496394914,1496448934,0.29,48.31,0.66,0.0009,0.0077,0.68,1013.22,68.0,1496419200,52.39,1496397600,10.0,13.61,1496433600,2.62
1496491200,partly-cloudy-day,0.32,Mostly cloudy throughout the day.,1496481291,1496535377,0.48,47.75,0.67,0.0,0.0,0.0,1012.67,66.68,1496527200,48.16,1496480400,10.0,11.2,1496509200,3.02
1496577600,rain,0.35,Light rain starting in the evening.,1496567670,1496621818,0.44,51.59,0.75,0.0051,0.0465,0.96,1014.46,69.78,1496592000,51.25,1496566800,9.78,9.86,1496602800,1.79
1496664000,rain,0.38,Light rain in the morning.,1496654050,1496708258,1.0,55.11,0.95,0.0063,0.0254,0.98,1009.49,58.69,1496685600,54.29,1496718000,7.89,9.9,1496700000,3.63
1496750400,rain,0.41,Light rain in the evening.,1496740433,1496794697,1.0,49.28,0.93,0.0057,0.0406,0.77,1008.37,53.95,1496721600,48.82,1496790000,8.59,17.2,1496772000,7.8
1496836800,partly-cloudy-day,0.44,Mostly cloudy until afternoon.,1496826818,1496881134,0.63,49.83,0.79,0.0008,0.0055,0.75,1014.2,67.58,1496865600,49.08,1496808000,9.33,11.44,1496854800,3.09
1496923200,partly-cloudy-night,0.47,Mostly cloudy starting in the evening.,1496913204,1496967569,0.18,48.77,0.76,0.0,0.0,0.0,1015.66,66.01,1496941200,47.66,1496912400,9.92,8.73,1496944800,1.43
1497009600,partly-cloudy-day,0.51,"Partly cloudy starting in the afternoon, continuing until evening.",1496999593,1497054003,0.47,52.44,0.66,0.0,0.0005,0.0,1005.98,77.67,1497034800,54.83,1497002400,10.0,11.14,1497031200,2.64
1497096000,partly-cloudy-night,0.54,Partly cloudy overnight.,1497085984,1497140435,0.11,56.49,0.65,0.0,0.0,0.0,1014.14,79.31,1497106800,57.34,1497085200,10.0,10.36,1497114000,3.26
1497182400,clear-day,0.56,Clear throughout the day.,1497172376,1497226865,0.0,62.37,0.71,0.0,0.0,0.0,1015.83,82.13,1497200400,62.75,1497171600,10.0,11.94,1497222000,4.46
1497268800,clear-day,0.6,Clear throughout the day.,1497258771,1497313294,0.0,64.41,0.66,0.0,0.0,0.0,1013.95,89.56,1497290400,64.71,1497258000,9.97,11.05,1497294000,2.91
1497355200,partly-cloudy-night,0.63,Mostly cloudy starting in the afternoon.,1497345167,1497399721,0.19,67.41,0.68,0.0,0.0003,0.0,1010.77,90.3,1497380400,68.43,1497344400,10.0,12.71,1497387600,2.99
1497441600,partly-cloudy-day,0.66,Mostly cloudy in the morning.,1497431566,1497486147,0.4,57.31,0.63,0.0,0.0,0.0,1014.69,77.62,1497412800,58.74,1497495600,10.0,10.02,1497416400,1.37
1497528000,partly-cloudy-night,0.69,Mostly cloudy overnight.,1497517967,1497572570,0.13,50.53,0.7,0.0,0.0,0.0,1019.02,67.35,1497542400,52.47,1497513600,10.0,9.63,1497549600,3.13
1497614400,rain,0.73,"Rain starting in the afternoon, continuing until evening.",1497604369,1497658992,0.79,57.34,0.85,0.0225,0.1818,0.99,1017.32,66.48,1497628800,59.64,1497585600,8.86,13.55,1497628800,4.45
1497700800,fog,0.76,Foggy in the morning.,1497690774,1497745412,0.99,64.4,0.94,0.0006,0.0048,0.47,1014.19,71.42,1497726000,62.52,1497672000,5.77,5.26,1497733200,0.89
1497787200,fog,0.8,Foggy in the morning.,1497777180,1497831830,1.0,66.25,0.96,0.0004,0.0042,0.4,1013.01,71.35,1497812400,64.28,1497765600,2.15,11.48,1497816000,4.87
1497873600,fog,0.83,Foggy in the evening.,1497863589,1497918246,1.0,67.28,0.96,0.0008,0.0152,0.47,1011.97,71.74,1497898800,67.03,1497844800,2.48,16.4,1497898800,6.96
1497960000,partly-cloudy-day,0.87,Mostly cloudy until afternoon.,1497949999,1498004660,0.6,65.19,0.83,0.0022,0.0203,0.72,1011.71,78.72,1497988800,66.43,1497952800,8.02,14.83,1497996000,5.93
1498046400,partly-cloudy-day,0.91,Partly cloudy throughout the day.,1498036411,1498091072,0.43,61.39,0.73,0.0004,0.0093,0.31,1012.01,81.62,1498068000,63.59,1498035600,9.61,13.95,1498068000,3.78
1498132800,partly-cloudy-night,0.95,Partly cloudy starting in the evening.,1498122825,1498177483,0.15,57.44,0.65,0.0,0.0,0.0,1013.96,79.64,1498158000,60.78,1498118400,10.0,12.28,1498161600,2.62
1498219200,partly-cloudy-day,0.98,Mostly cloudy throughout the day.,1498209241,1498263891,0.69,67.2,0.87,0.0,0.0,0.0,1008.23,79.31,1498233600,66.37,1498212000,7.34,14.17,1498255200,4.88
1498305600,rain,0.03,Heavy rain until afternoon.,1498295659,1498350297,0.56,65.93,0.78,0.0271,0.3992,0.99,1004.07,84.0,1498334400,67.9,1498359600,7.51,13.92,1498338000,3.65
1498392000,partly-cloudy-day,0.06,Partly cloudy in the evening.,1498382078,1498436701,0.16,58.98,0.66,0.0,0.0,0.0,1013.25,80.06,1498413600,63.29,1498381200,10.0,12.93,1498424400,2.78
1498478400,clear-day,0.1,Clear throughout the day.,1498468500,1498523104,0.14,56.3,0.66,0.0,0.0,0.0,1015.08,75.4,1498500000,60.58,1498471200,10.0,13.1,1498507200,2.38
1498564800,partly-cloudy-day,0.13,Mostly cloudy throughout the day.,1498554923,1498609504,0.49,59.78,0.81,0.0009,0.016,0.72,1015.2,72.1,1498593600,59.94,1498550400,9.9,12.7,1498590000,2.45
1498651200,partly-cloudy-day,0.17,Partly cloudy in the afternoon.,1498641347,1498695902,0.08,53.2,0.64,0.0,0.0,0.0,1017.26,75.81,1498683600,55.23,1498640400,10.0,14.25,1498676400,3.63
1498737600,partly-cloudy-day,0.2,Partly cloudy throughout the day.,1498727774,1498782298,0.19,60.22,0.76,0.0,0.0,0.0,1019.86,74.68,1498759200,62.89,1498726800,10.0,12.91,1498766400,4.47
1498824000,rain,0.24,Light rain starting in the evening.,1498814202,1498868692,0.51,65.88,0.84,0.0035,0.046,0.96,1015.88,77.53,1498845600,66.64,1498795200,9.82,13.78,1498852800,5.66
1498910400,fog,0.27,Foggy overnight.,1498900632,1498955084,0.89,68.8,0.93,0.0,0.0004,0.0,1014.79,75.23,1498921200,68.18,1498892400,7.92,12.43,1498935600,5.43
1498996800,partly-cloudy-day,0.3,Mostly cloudy in the morning.,1498987063,1499041474,0.38,67.05,0.74,0.0,0.0,0.0,1013.04,86.33,1499018400,68.43,1498986000,8.0,11.17,1499022000,3.31
1499083200,partly-cloudy-day,0.33,"Partly cloudy starting in the afternoon, continuing until evening.",1499073496,1499127862,0.11,63.77,0.66,0.0,0.0,0.0,1013.65,84.79,1499112000,67.64,1499076000,9.98,12.79,1499108400,2.91
1499169600,partly-cloudy-day,0.36,Partly cloudy until evening.,1499159930,1499214248,0.31,60.25,0.65,0.0,0.0,0.0,1017.23,80.41,1499194800,64.11,1499158800,10.0,7.11,1499198400,0.67
1499256000,clear-day,0.39,Clear throughout the day.,1499246366,1499300632,0.07,59.68,0.69,0.0,0.0,0.0,1022.4,79.21,1499270400,63.18,1499245200,9.13,9.35,1499284800,1.2
1499342400,partly-cloudy-day,0.42,Mostly cloudy throughout the day.,1499332803,1499387014,0.33,60.92,0.8,0.0,0.0,0.0,1020.49,73.93,1499360400,60.92,1499320800,10.0,7.73,1499367600,2.66
1499428800,rain,0.45,Rain until afternoon.,1499419242,1499473394,0.98,65.28,0.93,0.031,0.1722,1.0,1009.48,70.12,1499443200,64.62,1499479200,7.24,14.53,1499461200,2.97
1499515200,partly-cloudy-day,0.48,Mostly cloudy until afternoon.,1499505682,1499559771,0.44,67.04,0.84,0.0,0.0,0.0,1006.99,80.42,1499536800,63.98,1499493600,10.0,12.11,1499544000,2.95
1499601600,clear-day,0.52,Clear throughout the day.,1499592123,1499646147,0.05,58.19,0.63,0.0,0.0,0.0,1013.55,80.06,1499626800,64.62,1499594400,10.0,12.65,1499630400,3.61
1499688000,partly-cloudy-night,0.54,Mostly cloudy starting in the evening.,1499678566,1499732521,0.1,62.72,0.73,0.0,0.0,0.0,1017.31,80.98,1499709600,64.11,1499680800,10.0,13.35,1499716800,3.61
1499774400,rain,0.58,Light rain in the morning.,1499765010,1499818893,0.75,69.71,0.86,0.0058,0.0409,0.95,1014.19,81.96,1499803200,69.82,1499763600,8.7,12.35,1499799600,2.79
1499860800,rain,0.61,Rain in the evening.,1499851455,1499905262,0.53,71.2,0.89,0.0049,0.0752,1.0,1014.47,82.58,1499882400,70.31,1499846400,7.66,9.62,1499889600,1.62
1499947200,rain,0.64,"Rain starting in the afternoon, continuing until evening.",1499937901,1499991630,0.74,66.06,0.93,0.0199,0.1746,1.0,1016.07,78.13,1499961600,59.61,1499997600,7.72,12.74,1499979600,2.97
1500033600,cloudy,0.68,Overcast throughout the day.,1500024348,1500077996,1.0,60.21,0.91,0.0002,0.0026,0.46,1018.58,65.75,1500069600,59.71,1500004800,9.98,7.31,1500004800,2.94
1500120000,partly-cloudy-day,0.71,Mostly cloudy until evening.,1500110796,1500164360,0.72,64.43,0.89,0.0001,0.0013,0.27,1013.2,74.27,1500148800,63.11,1500105600,10.0,7.98,1500159600,1.6
1500206400,clear-day,0.75,Clear throughout the day.,1500197245,1500250722,0.05,66.34,0.79,0.0,0.0,0.0,1013.59,81.54,1500224400,65.3,1500199200,9.0,9.02,1500235200,1.93
1500292800,partly-cloudy-night,0.79,Mostly cloudy starting in the evening.,1500283696,1500337082,0.22,67.61,0.85,0.0,0.0,0.0,1018.22,77.99,1500310800,65.77,1500282000,8.34,8.16,1500328800,2.74
1500379200,fog,0.82,Foggy in the morning and humid throughout the day.,1500370147,1500423440,0.64,70.88,0.88,0.0,0.0003,0.0,1019.05,80.75,1500404400,69.94,1500361200,7.35,9.81,1500408000,2.65
1500465600,partly-cloudy-day,0.86,Mostly cloudy until afternoon and humid throughout the day.,1500456599,1500509796,0.47,72.95,0.87,0.0,0.0,0.0,1016.06,84.21,1500490800,72.37,1500447600,9.38,12.26,1500490800,3.74
1500552000,partly-cloudy-day,0.9,"Partly cloudy starting in the afternoon, continuing until evening, and humid throughout the day.",1500543052,1500596151,0.12,70.15,0.77,0.0,0.0003,0.0,1012.9,87.68,1500573600,69.68,1500544800,9.32,9.71,1500580800,2.35
1500638400,partly-cloudy-day,0.94,Partly cloudy in the morning.,1500629505,1500682504,0.11,68.88,0.73,0.0,0.0,0.0,1010.23,86.62,1500663600,70.86,1500631200,8.93,10.36,1500670800,2.36
1500724800,partly-cloudy-day,0.97,Partly cloudy until evening.,1500715960,1500768854,0.22,66.4,0.73,0.0,0.0,0.0,1010.24,81.87,1500742800,69.76,1500717600,10.0,6.06,1500750000,0.93
1500811200,partly-cloudy-day,0.01,Mostly cloudy throughout the day.,1500802415,1500855204,0.8,61.03,0.71,0.0,0.0,0.0,1009.94,74.21,1500836400,65.97,1500865200,9.9,13.45,1500822000,4.37
1500897600,rain,0.05,Rain until afternoon.,1500888871,1500941551,0.92,57.23,0.86,0.0194,0.0946,1.0,1011.49,65.59,1500879600,58.87,1500933600,8.42,15.99,1500926400,5.59
1500984000,cloudy,0.08,Overcast until evening.,1500975327,1501027897,0.86,57.14,0.89,0.0,0.0,0.0,1018.66,63.64,1501023600,58.59,1500969600,9.97,9.3,1500962400,5.03
1501070400,partly-cloudy-day,0.12,Partly cloudy in the afternoon.,1501061784,1501114241,0.06,58.21,0.77,0.0,0.0,0.0,1022.41,75.11,1501095600,55.95,1501059600,10.0,8.08,1501102800,1.16
1501156800,partly-cloudy-day,0.15,Mostly cloudy throughout the day.,1501148241,1501200583,0.45,62.34,0.86,0.0003,0.0023,0.45,1015.8,71.99,1501174800,61.43,1501149600,10.0,8.8,1501167600,3.45
1501243200,partly-cloudy-day,0.19,Mostly cloudy throughout the day.,1501234700,1501286924,0.65,68.12,0.86,0.0,0.0,0.0,1010.43,79.06,1501261200,67.36,1501236000,9.2,7.85,1501275600,1.94
1501329600,partly-cloudy-day,0.22,Mostly cloudy until evening.,1501321158,1501373263,0.69,58.01,0.75,0.0,0.0006,0.0,1009.92,70.34,1501300800,61.26,1501383600,9.8,18.02,1501365600,7.61
1501416000,partly-cloudy-day,0.25,"Partly cloudy starting in the afternoon, continuing until evening.",1501407617,1501459600,0.08,53.93,0.63,0.0,0.0,0.0,1014.3,77.96,1501441200,58.09,1501408800,10.0,10.98,1501426800,3.0
1501502400,clear-day,0.28,Clear throughout the day.,1501494076,1501545936,0.01,60.79,0.77,0.0,0.0,0.0,1017.48,78.29,1501527600,57.47,1501495200,10.0,9.73,1501538400,2.64
1501588800,clear-day,0.31,Clear throughout the day.,1501580536,1501632270,0.04,66.62,0.81,0.0,0.0,0.0,1016.67,83.77,1501614000,64.95,1501581600,9.92,8.63,1501621200,2.54
1501675200,partly-cloudy-day,0.34,Mostly cloudy throughout the day.,1501666996,1501718603,0.46,68.57,0.88,0.0,0.0002,0.0,1018.27,80.01,1501693200,68.58,1501668000,8.44,10.07,1501707600,3.16
1501761600,partly-cloudy-day,0.37,Mostly cloudy throughout the day.,1501753456,1501804934,0.48,67.83,0.86,0.0,0.0,0.0,1019.92,78.61,1501783200,68.5,1501750800,10.0,9.39,1501786800,3.27
1501848000,partly-cloudy-day,0.4,Mostly cloudy throughout the day.,1501839917,1501891264,0.7,68.77,0.88,0.0,0.0,0.0,1018.31,77.86,1501862400,68.89,1501833600,9.9,10.38,1501873200,3.8
1501934400,rain,0.43,Light rain until afternoon.,1501926378,1501977593,0.83,69.37,0.92,0.0048,0.0528,0.98,1012.5,74.34,1501963200,69.52,1501988400,9.75,9.94,1501956000,4.08
1502020800,partly-cloudy-day,0.46,"Partly cloudy starting in the afternoon, continuing until evening.",1502012839,1502063920,0.12,56.21,0.65,0.0,0.0,0.0,1015.59,76.04,1502046000,61.91,1502013600,10.0,12.0,1502035200,4.02
1502107200,rain,0.49,Light rain overnight.,1502099300,1502150245,0.53,60.45,0.8,0.0019,0.0094,1.0,1018.19,71.98,1502118000,60.46,1502100000,9.98,6.16,1502118000,2.37
1502193600,partly-cloudy-day,0.53,Mostly cloudy until evening.,1502185761,1502236570,0.78,62.91,0.88,0.003,0.0181,0.95,1013.44,74.23,1502226000,62.86,1502186400,9.54,6.83,1502218800,1.4
1502280000,clear-day,0.56,Clear throughout the day.,1502272223,1502322893,0.02,59.19,0.71,0.0,0.0,0.0,1021.24,79.2,1502301600,59.68,1502272800,9.92,10.26,1502312400,2.12
1502366400,partly-cloudy-night,0.59,Partly cloudy overnight.,1502358684,1502409215,0.07,62.92,0.77,0.0,0.0,0.0,1023.6,79.79,1502391600,62.97,1502359200,9.1,8.88,1502395200,2.23
1502452800,fog,0.63,Foggy in the morning.,1502445146,1502495535,0.39,59.68,0.73,0.0,0.0,0.0,1020.64,78.24,1502474400,62.28,1502445600,8.51,7.23,1502474400,1.67
1502539200,rain,0.66,Rain in the morning.,1502531608,1502581854,0.93,64.34,0.9,0.0094,0.114,1.0,1014.61,71.54,1502571600,61.59,1502535600,8.87,6.99,1502575200,1.15
1502625600,partly-cloudy-day,0.7,Mostly cloudy until afternoon.,1502618070,1502668172,0.56,66.76,0.77,0.0,0.0,0.0,1012.35,83.64,1502654400,69.5,1502596800,9.54,10.22,1502654400,1.83
1502712000,partly-cloudy-night,0.74,Partly cloudy overnight.,1502704531,1502754489,0.09,62.98,0.77,0.0,0.0,0.0,1016.41,78.75,1502726400,63.02,1502704800,9.94,5.36,1502730000,0.54
1502798400,rain,0.78,Light rain in the morning.,1502790993,1502840805,0.67,66.41,0.87,0.0019,0.0229,0.96,1013.65,76.52,1502812800,67.61,1502852400,9.04,6.52,1502820000,2.0
1502884800,partly-cloudy-day,0.81,"Partly cloudy starting in the afternoon, continuing until evening.",1502877455,1502927120,0.38,65.49,0.78,0.0,0.0,0.0,1013.1,82.57,1502913600,66.34,1502877600,8.75,9.42,1502895600,1.51
1502971200,partly-cloudy-night,0.85,Partly cloudy in the morning.,1502963917,1503013433,0.17,55.63,0.62,0.0,0.0,0.0,1016.75,77.11,1502992800,62.14,1502964000,9.97,8.22,1503003600,0.09
1503057600,rain,0.89,Rain starting in the afternoon.,1503050379,1503099746,0.87,68.52,0.92,0.0128,0.0706,1.0,1012.85,74.15,1503068400,65.65,1503036000,6.85,12.58,1503079200,5.17
1503144000,partly-cloudy-day,0.93,Mostly cloudy until afternoon and humid throughout the day.,1503136840,1503186057,0.51,70.63,0.81,0.0039,0.0501,0.87,1008.97,85.5,1503169200,72.15,1503136800,8.57,10.54,1503172800,2.8
1503230400,partly-cloudy-day,0.96,"Partly cloudy starting in the afternoon, continuing until evening.",1503223302,1503272368,0.1,64.07,0.71,0.0,0.0,0.0,1014.53,81.79,1503259200,68.77,1503284400,10.0,11.65,1503252000,3.06
1503316800,clear-day,0.0,Clear throughout the day.,1503309764,1503358677,0.0,63.81,0.73,0.0,0.0,0.0,1020.37,82.8,1503338400,64.75,1503313200,10.0,7.89,1503345600,2.06
1503403200,partly-cloudy-day,0.04,Humid and mostly cloudy throughout the day.,1503396225,1503444986,0.69,71.03,0.89,0.0,0.0,0.0,1014.2,81.23,1503421200,69.86,1503392400,7.72,14.08,1503457200,4.81
1503489600,partly-cloudy-day,0.07,Mostly cloudy until evening.,1503482687,1503531294,0.55,65.7,0.75,0.0,0.0006,0.0,1008.21,81.89,1503514800,64.72,1503543600,9.6,15.54,1503460800,3.48
1503576000,partly-cloudy-night,0.1,Partly cloudy starting in the afternoon.,1503569148,1503617601,0.26,57.59,0.7,0.0,0.0,0.0,1012.39,78.06,1503594000,57.79,1503565200,10.0,10.03,1503604800,1.22
1503662400,partly-cloudy-day,0.14,"Partly cloudy starting in the afternoon, continuing until evening.",1503655609,1503703907,0.33,55.19,0.66,0.0,0.0,0.0,1017.59,75.26,1503691200,60.92,1503655200,10.0,8.88,1503694800,3.4
1503748800,clear-day,0.17,Clear throughout the day.,1503742070,1503790212,0.06,52.99,0.68,0.0,0.0,0.0,1023.54,72.68,1503770400,54.16,1503741600,10.0,9.11,1503777600,0.72
1503835200,partly-cloudy-day,0.2,"Partly cloudy starting in the afternoon, continuing until evening.",1503828532,1503876516,0.19,53.9,0.71,0.0,0.0,0.0,1024.74,74.91,1503860400,55.61,1503824400,10.0,6.63,1503864000,1.1
1503921600,partly-cloudy-day,0.23,Partly cloudy in the afternoon.,1503914993,1503962820,0.07,53.65,0.7,0.0,0.0,0.0,1025.85,73.96,1503946800,56.19,1503914400,10.0,12.08,1503936000,3.71
1504008000,rain,0.26,Rain overnight.,1504001453,1504049123,0.48,56.96,0.82,0.0021,0.0336,1.0,1022.94,69.17,1504029600,57.78,1504000800,9.91,9.89,1504026000,4.38
1504094400,rain,0.29,Rain in the morning.,1504087914,1504135425,0.63,56.95,0.8,0.019,0.0872,1.0,1013.03,71.86,1504126800,58.16,1504080000,9.47,15.89,1504105200,4.49
1504180800,partly-cloudy-day,0.32,"Mostly cloudy starting in the afternoon, continuing until evening.",1504174375,1504221727,0.26,58.18,0.72,0.0,0.0,0.0,1011.04,77.54,1504198800,59.97,1504173600,10.0,11.6,1504198800,3.56
1504267200,clear-day,0.35,Clear throughout the day.,1504260835,1504308028,0.09,44.51,0.58,0.0,0.0,0.0,1016.83,68.11,1504296000,52.13,1504263600,10.0,12.39,1504274400,4.68
1504353600,rain,0.38,Light rain overnight.,1504347296,1504394328,0.09,45.62,0.63,0.0,0.0,0.0,1022.83,66.75,1504378800,49.06,1504342800,10.0,7.73,1504382400,0.41
1504440000,rain,0.41,Light rain until afternoon.,1504433756,1504480628,0.84,56.82,0.91,0.0123,0.034,1.0,1014.27,66.68,1504472400,53.74,1504432800,7.42,14.57,1504454400,2.65
1504526400,clear-day,0.44,Clear throughout the day.,1504520217,1504566928,0.01,59.53,0.8,0.0,0.0,0.0,1011.95,73.79,1504544400,59.17,1504497600,10.0,12.66,1504551600,5.01
1504612800,partly-cloudy-night,0.48,Mostly cloudy starting in the evening.,1504606677,1504653226,0.32,66.56,0.86,0.0,0.0,0.0,1010.14,76.71,1504630800,66.07,1504594800,9.53,14.19,1504645200,6.63
1504699200,rain,0.51,"Heavy rain until afternoon, starting again overnight.",1504693137,1504739525,0.96,68.29,0.94,0.014,0.1848,0.96,1011.51,72.35,1504713600,67.78,1504753200,6.43,10.14,1504674000,4.97
1504785600,partly-cloudy-day,0.54,Mostly cloudy throughout the day.,1504779597,1504825823,0.65,60.8,0.84,0.0189,0.2513,1.0,1010.22,71.99,1504810800,61.57,1504778400,9.44,11.39,1504810800,3.76
1504872000,partly-cloudy-night,0.58,Partly cloudy starting in the afternoon.,1504866057,1504912120,0.21,54.37,0.73,0.0,0.0,0.0,1017.38,71.54,1504897200,55.94,1504861200,10.0,11.0,1504893600,3.66
1504958400,partly-cloudy-day,0.62,Mostly cloudy starting in the afternoon.,1504952518,1504998417,0.3,53.67,0.75,0.0,0.0,0.0,1022.14,70.04,1504983600,53.64,1504951200,10.0,8.15,1504962000,2.55
1505044800,partly-cloudy-day,0.65,Partly cloudy starting in the afternoon.,1505038978,1505084714,0.28,54.34,0.75,0.0,0.0,0.0,1025.58,71.29,1505070000,54.89,1505037600,10.0,9.93,1505066400,3.17
1505131200,clear-day,0.69,Clear throughout the day.,1505125438,1505171011,0.0,52.3,0.68,0.0,0.0,0.0,1022.92,75.08,1505160000,52.86,1505124000,10.0,6.87,1505149200,1.72
1505217600,clear-day,0.73,Clear throughout the day.,1505211898,1505257307,0.06,57.01,0.72,0.0,0.0,0.0,1014.91,77.76,1505235600,56.09,1505214000,10.0,10.36,1505250000,1.68
1505304000,partly-cloudy-night,0.76,Mostly cloudy starting in the evening.,1505298358,1505343603,0.12,59.69,0.75,0.0,0.0,0.0,1011.6,77.82,1505325600,58.01,1505300400,10.0,8.53,1505336400,2.05
1505390400,partly-cloudy-day,0.8,Mostly cloudy throughout the day.,1505384818,1505429899,0.8,67.41,0.88,0.0002,0.0043,0.39,1012.18,76.05,1505415600,68.1,1505386800,9.68,9.64,1505408400,3.8
1505476800,fog,0.84,Foggy in the morning.,1505471278,1505516195,0.51,67.67,0.88,0.0022,0.0194,0.96,1017.1,78.34,1505505600,67.72,1505530800,7.08,8.52,1505498400,2.39
1505563200,fog,0.88,Foggy in the morning.,1505557738,1505602490,0.8,65.94,0.91,0.0,0.0,0.0,1020.72,77.04,1505584800,64.64,1505559600,4.2,5.91,1505588400,1.04
1505649600,fog,0.91,Foggy in the morning.,1505644198,1505688785,0.88,65.1,0.93,0.0,0.0,0.0,1021.0,76.32,1505674800,63.88,1505642400,4.52,7.18,1505682000,1.34
1505736000,cloudy,0.95,Overcast throughout the day.,1505730658,1505775081,1.0,66.01,0.91,0.0,0.0,0.0,1020.37,71.79,1505754000,66.67,1505790000,9.6,8.36,1505761200,3.49
1505822400,rain,0.98,Light rain overnight.,1505817119,1505861376,1.0,64.55,0.95,0.0042,0.0214,0.89,1015.99,67.36,1505844000,65.25,1505815200,7.9,16.63,1505851200,8.93
1505908800,cloudy,0.02,Overcast throughout the day.,1505903579,1505947671,1.0,65.77,0.94,0.0035,0.0261,0.9,1009.14,70.42,1505962800,65.73,1505890800,7.05,22.26,1505941200,11.44
1505995200,partly-cloudy-day,0.05,Mostly cloudy throughout the day.,1505990040,1506033967,0.84,59.64,0.72,0.0,0.0,0.0,1012.44,71.33,1505970000,65.55,1506049200,10.0,24.44,1506027600,12.46
1506081600,cloudy,0.09,Overcast throughout the day.,1506076500,1506120262,1.0,57.23,0.89,0.0033,0.0104,0.67,1013.02,65.14,1506052800,58.94,1506085200,7.52,25.7,1506063600,12.92
1506168000,partly-cloudy-day,0.12,Mostly cloudy until afternoon.,1506162961,1506206557,0.62,63.07,0.88,0.0002,0.0022,0.34,1015.01,77.32,1506196800,61.67,1506139200,8.89,17.55,1506150000,7.29
1506254400,clear-day,0.15,Clear throughout the day.,1506249422,1506292853,0.05,62.93,0.8,0.0,0.0,0.0,1017.11,83.04,1506276000,60.05,1506247200,8.99,4.33,1506265200,0.15
1506340800,fog,0.18,Foggy overnight.,1506335883,1506379149,0.21,64.99,0.85,0.0,0.0,0.0,1017.69,78.93,1506355200,62.54,1506337200,8.53,5.89,1506369600,0.86
1506427200,partly-cloudy-day,0.21,Mostly cloudy throughout the day.,1506422345,1506465445,0.66,67.11,0.91,0.0,0.0,0.0,1016.57,79.09,1506452400,66.45,1506416400,6.69,6.1,1506456000,0.85
1506513600,fog,0.24,Humid throughout the day and foggy overnight.,1506508806,1506551741,0.78,69.33,0.93,0.0,0.0,0.0,1012.27,79.49,1506542400,65.03,1506499200,5.5,5.73,1506549600,0.62
1506600000,partly-cloudy-night,0.27,Mostly cloudy in the morning.,1506595268,1506638037,0.4,61.1,0.71,0.0,0.0,0.0,1006.37,77.8,1506614400,60.28,1506654000,7.62,15.1,1506621600,5.58
1506686400,partly-cloudy-night,0.3,Partly cloudy overnight.,1506681730,1506724334,0.08,44.64,0.62,0.0,0.0,0.0,1015.22,64.87,1506711600,50.21,1506682800,10.0,11.9,1506661200,2.02
1506772800,rain,0.33,"Rain starting in the afternoon, continuing until evening.",1506768192,1506810631,0.87,51.05,0.87,0.0221,0.1805,0.91,1020.68,59.56,1506783600,51.31,1506826800,9.32,11.82,1506794400,3.59
1506859200,clear-day,0.36,Clear throughout the day.,1506854655,1506896928,0.03,44.42,0.72,0.0,0.0,0.0,1026.27,64.38,1506884400,45.09,1506852000,10.0,7.64,1506873600,1.96
1506945600,clear-day,0.39,Clear throughout the day.,1506941117,1506983226,0.0,46.23,0.68,0.0,0.0,0.0,1028.52,68.52,1506970800,49.53,1506934800,10.0,9.0,1506956400,2.67
1507032000,clear-day,0.42,Clear throughout the day.,1507027580,1507069524,0.01,48.39,0.76,0.0,0.0,0.0,1035.91,64.56,1507053600,49.01,1507024800,10.0,7.51,1507057200,1.27
1507118400,clear-day,0.46,Clear throughout the day.,1507114044,1507155823,0.04,54.71,0.8,0.0,0.0,0.0,1027.21,70.68,1507143600,53.21,1507093200,10.0,14.65,1507140000,5.91
1507204800,partly-cloudy-night,0.49,Partly cloudy starting in the afternoon.,1507200507,1507242122,0.34,62.4,0.81,0.0,0.0,0.0,1017.85,77.19,1507222800,62.45,1507176000,10.0,12.41,1507179600,5.0
1507291200,partly-cloudy-day,0.53,Partly cloudy until evening.,1507286971,1507328422,0.43,59.19,0.76,0.0005,0.0077,0.71,1018.33,75.92,1507316400,60.93,1507287600,9.34,6.12,1507320000,0.58
1507377600,partly-cloudy-day,0.57,Mostly cloudy throughout the day.,1507373436,1507414722,0.67,62.6,0.89,0.0,0.0,0.0,1020.01,73.05,1507402800,60.21,1507352400,8.7,9.04,1507431600,2.77
1507464000,rain,0.6,Rain in the afternoon.,1507459900,1507501023,0.95,67.45,0.94,0.0069,0.0837,1.0,1015.19,70.75,1507471200,67.72,1507435200,8.04,15.36,1507471200,6.35
1507550400,rain,0.64,Light rain in the evening.,1507546365,1507587325,0.98,68.7,0.98,0.0067,0.0448,0.98,1014.67,70.43,1507575600,68.31,1507546800,5.25,17.83,1507590000,5.78
1507636800,partly-cloudy-day,0.68,Partly cloudy in the afternoon.,1507632830,1507673627,0.29,64.15,0.82,0.0,0.0,0.0,1015.17,77.34,1507658400,61.21,1507690800,8.97,8.24,1507662000,2.52
1507723200,partly-cloudy-night,0.72,Mostly cloudy starting in the afternoon.,1507719296,1507759930,0.28,56.43,0.79,0.0003,0.0043,0.49,1020.7,70.15,1507744800,58.47,1507708800,10.0,10.1,1507752000,3.63
1507809600,partly-cloudy-day,0.75,Partly cloudy in the morning.,1507805762,1507846234,0.39,46.65,0.71,0.0005,0.0074,0.69,1028.11,60.25,1507831200,48.41,1507863600,10.0,16.13,1507831200,7.69
1507896000,partly-cloudy-day,0.79,Mostly cloudy throughout the day.,1507892229,1507932538,0.37,48.44,0.79,0.0,0.0,0.0,1030.44,63.48,1507921200,45.79,1507881600,10.0,9.53,1507910400,3.38
1507982400,rain,0.83,Rain until afternoon.,1507978695,1508018843,0.96,59.52,0.93,0.0094,0.0665,1.0,1023.82,65.72,1508014800,57.44,1507953600,6.81,3.98,1508011200,1.08
1508068800,cloudy,0.86,Overcast throughout the day.,1508065163,1508105149,0.99,63.39,0.95,0.0003,0.0033,0.46,1015.23,68.32,1508090400,61.73,1508050800,6.23,18.22,1508119200,4.78
1508155200,partly-cloudy-night,0.9,Mostly cloudy in the morning.,1508151630,1508191456,0.57,51.34,0.76,0.0,0.0004,0.0,1012.76,67.45,1508137200,47.42,1508209200,9.55,15.67,1508126400,4.31
1508241600,clear-day,0.93,Clear throughout the day.,1508238098,1508277764,0.0,36.16,0.65,0.0,0.0,0.0,1024.0,55.61,1508270400,40.41,1508238000,10.0,9.33,1508212800,2.38
1508328000,clear-day,0.97,Clear throughout the day.,1508324566,1508364073,0.0,46.19,0.66,0.0,0.0,0.0,1024.46,70.96,1508353200,49.33,1508324400,10.0,6.52,1508356800,3.31
1508414400,clear-day,0.01,Clear throughout the day.,1508411035,1508450383,0.02,52.81,0.79,0.0,0.0,0.0,1021.61,68.08,1508432400,52.77,1508400000,9.4,14.45,1508432400,5.09
1508500800,clear-day,0.03,Clear throughout the day.,1508497504,1508536694,0.01,46.88,0.6,0.0,0.0,0.0,1017.42,69.52,1508526000,56.89,1508497200,10.0,11.0,1508522400,4.04
1508587200,clear-day,0.06,Clear throughout the day.,1508583974,1508623005,0.02,46.23,0.62,0.0,0.0,0.0,1024.92,69.92,1508608800,48.75,1508583600,10.0,9.97,1508616000,2.24
1508673600,partly-cloudy-night,0.09,Mostly cloudy overnight.,1508670444,1508709318,0.03,51.64,0.74,0.0,0.0,0.0,1028.4,74.75,1508695200,50.57,1508673600,9.93,5.94,1508698800,1.11
1508760000,fog,0.12,Foggy in the morning.,1508756914,1508795632,0.74,58.01,0.91,0.0,0.0,0.0,1025.78,69.88,1508785200,52.94,1508756400,6.15,11.43,1508814000,2.05
1508846400,rain,0.15,Rain in the morning.,1508843384,1508881948,0.88,64.96,0.9,0.0086,0.0685,0.94,1014.97,70.85,1508860800,65.39,1508839200,8.59,19.0,1508893200,9.19
1508932800,rain,0.18,Rain throughout the day.,1508929855,1508968264,1.0,63.07,0.96,0.034,0.1924,1.0,1006.8,68.31,1508904000,59.91,1508976000,7.11,17.27,1508904000,5.88
1509019200,rain,0.21,Rain until afternoon.,1509016326,1509054582,0.9,54.67,0.89,0.025,0.0974,1.0,1002.61,61.93,1509037200,50.6,1509073200,9.02,13.3,1509055200,1.91
1509105600,clear-day,0.24,Clear throughout the day.,1509102798,1509140901,0.01,40.99,0.66,0.0,0.0,0.0,1016.17,60.74,1509134400,45.35,1509102000,10.0,9.55,1509120000,4.84
1509192000,partly-cloudy-night,0.28,Mostly cloudy throughout the day.,1509189270,1509227221,0.34,50.09,0.81,0.0,0.0,0.0,1017.53,64.16,1509210000,44.44,1509184800,9.83,12.09,1509217200,3.35
1509278400,rain,0.31,Heavy rain starting in the evening.,1509275742,1509313542,0.94,59.69,0.89,0.0361,0.3146,1.0,1007.86,64.69,1509307200,60.76,1509249600,8.74,29.43,1509332400,7.39
1509364800,partly-cloudy-day,0.34,Mostly cloudy until afternoon.,1509362214,1509399865,0.62,50.26,0.78,0.0613,0.3563,1.0,994.44,64.38,1509339600,52.44,1509411600,8.48,32.86,1509336000,7.45
1509451200,clear-day,0.37,Clear throughout the day.,1509448687,1509486189,0.0,36.78,0.54,0.0,0.0,0.0,1015.3,58.79,1509476400,45.66,1509505200,10.0,17.72,1509469200,6.88
1509537600,partly-cloudy-night,0.41,Mostly cloudy starting in the afternoon.,1509535160,1509572515,0.41,40.81,0.75,0.0,0.0,0.0,1026.82,57.17,1509566400,38.6,1509534000,10.0,6.5,1509591600,1.15
1509624000,partly-cloudy-day,0.44,Mostly cloudy until evening.,1509621633,1509658842,0.7,58.79,0.89,0.0,0.0,0.0,1025.21,68.44,1509645600,56.14,1509595200,9.41,11.86,1509638400,4.49
1509710400,partly-cloudy-day,0.47,Partly cloudy throughout the day.,1509708107,1509745170,0.34,57.98,0.84,0.0,0.0,0.0,1017.59,70.09,1509735600,55.5,1509764400,9.57,14.36,1509760800,2.85
1509796800,clear-day,0.52,Clear throughout the day.,1509794580,1509831500,0.04,36.85,0.62,0.0,0.0,0.0,1025.98,55.35,1509822000,43.81,1509796800,10.0,13.67,1509771600,4.58
1509883200,cloudy,0.55,Overcast throughout the day.,1509881054,1509917832,0.84,49.87,0.84,0.0032,0.0392,0.95,1024.43,62.3,1509940800,45.83,1509858000,9.55,11.08,1509897600,3.88
1509969600,partly-cloudy-day,0.59,Mostly cloudy throughout the day.,1509967530,1510004162,0.9,59.48,0.91,0.0,0.0008,0.0,1013.59,64.9,1509984000,54.43,1510027200,8.77,13.91,1509984000,4.64
1510056000,rain,0.63,Rain starting in the evening.,1510054004,1510090497,0.65,39.98,0.77,0.0056,0.0612,0.99,1021.0,52.41,1510030800,42.79,1510056000,9.75,11.26,1510063200,5.91
1510142400,partly-cloudy-day,0.67,Mostly cloudy until evening.,1510140478,1510176834,0.74,35.22,0.8,0.0015,0.0198,0.95,1023.34,45.4,1510164000,37.37,1510200000,9.81,14.59,1510160400,7.5
1510228800,partly-cloudy-night,0.7,Mostly cloudy throughout the day.,1510226952,1510263172,0.32,35.2,0.77,0.0,0.0,0.0,1021.07,51.18,1510254000,32.55,1510221600,10.0,6.17,1510239600,1.25
1510315200,partly-cloudy-night,0.74,Mostly cloudy in the morning.,1510313425,1510349512,0.32,20.68,0.52,0.0005,0.0077,0.61,1018.95,51.94,1510300800,25.19,1510372800,10.0,22.0,1510336800,7.02
1510401600,clear-day,0.78,Clear throughout the day.,1510399899,1510435854,0.0,10.89,0.47,0.0,0.0,0.0,1031.87,38.43,1510430400,22.25,1510398000,10.0,11.32,1510380000,3.71
1510488000,partly-cloudy-day,0.81,Partly cloudy until afternoon.,1510486373,1510522197,0.33,25.32,0.64,0.0,0.0,0.0,1031.49,47.62,1510516800,28.37,1510462800,10.0,4.82,1510509600,0.97
1510574400,rain,0.85,"Light rain starting in the afternoon, continuing until evening.",1510572846,1510608542,0.69,35.24,0.88,0.0078,0.0427,1.0,1026.78,42.75,1510588800,33.94,1510549200,8.28,10.18,1510617600,4.52
1510660800,cloudy,0.88,Overcast throughout the day.,1510659319,1510694889,1.0,35.37,0.84,0.0001,0.0006,0.2,1025.44,42.64,1510686000,38.47,1510664400,9.39,10.24,1510653600,6.33
1510747200,partly-cloudy-night,0.91,Mostly cloudy starting in the afternoon.,1510745792,1510781238,0.46,31.61,0.72,0.0,0.0,0.0,1024.01,47.01,1510768800,34.38,1510747200,10.0,8.72,1510758000,3.75
1510833600,rain,0.95,Rain in the afternoon.,1510832265,1510867589,0.76,42.53,0.86,0.014,0.1168,1.0,1010.87,51.32,1510844400,40.18,1510808400,9.12,12.9,1510848000,1.64
1510920000,partly-cloudy-day,0.97,Partly cloudy in the morning.,1510918737,1510953942,0.11,27.52,0.6,0.0,0.0,0.0,1011.99,45.65,1510945200,32.86,1510977600,10.0,19.9,1510930800,6.86
1511006400,rain,0.02,Light rain overnight.,1511005209,1511040297,0.42,33.37,0.71,0.0015,0.0166,0.94,1010.22,54.49,1511060400,27.74,1511006400,9.85,15.27,1511060400,3.06
1511092800,rain,0.04,Rain in the morning.,1511091681,1511126653,0.62,43.76,0.76,0.0162,0.0755,1.0,995.36,60.47,1511082000,39.35,1511150400,8.84,23.83,1511121600,7.49
1511179200,partly-cloudy-night,0.07,Mostly cloudy throughout the day.,1511178152,1511213012,0.52,24.43,0.55,0.0,0.0,0.0,1013.15,42.69,1511233200,35.24,1511179200,10.0,18.16,1511193600,6.33
1511265600,partly-cloudy-night,0.1,Mostly cloudy overnight.,1511264623,1511299373,0.03,37.43,0.62,0.0,0.0,0.0,1018.87,56.6,1511287200,41.11,1511247600,10.0,21.76,1511290800,7.76
1511352000,rain,0.13,Rain until evening.,1511351093,1511385735,0.85,45.98,0.89,0.0483,0.1789,1.0,1012.58,53.09,1511326800,39.43,1511409600,7.12,16.52,1511398800,2.31
1511438400,partly-cloudy-night,0.16,Partly cloudy overnight.,1511437562,1511472100,0.08,24.51,0.62,0.0,0.0,0.0,1015.9,42.73,1511467200,31.15,1511438400,10.0,9.45,1511413200,2.85
1511524800,clear-day,0.19,Clear throughout the day.,1511524031,1511558467,0.06,29.0,0.66,0.0,0.0,0.0,1015.69,48.04,1511550000,30.47,1511521200,10.0,9.25,1511553600,2.61
1511611200,partly-cloudy-night,0.22,Mostly cloudy overnight.,1511610499,1511644836,0.12,40.73,0.75,0.0,0.0,0.0,1007.85,55.28,1511636400,41.19,1511611200,10.0,11.93,1511629200,3.86
1511697600,partly-cloudy-day,0.25,Partly cloudy until evening.,1511696966,1511731208,0.49,31.19,0.6,0.0,0.0,0.0,1009.44,49.23,1511672400,37.03,1511755200,10.0,19.74,1511712000,5.69
1511784000,partly-cloudy-day,0.29,Partly cloudy until afternoon.,1511783433,1511817581,0.23,25.29,0.56,0.0,0.0,0.0,1015.9,46.96,1511805600,33.64,1511841600,10.0,19.28,1511802000,5.7
1511870400,partly-cloudy-night,0.32,Partly cloudy starting in the evening.,1511869898,1511903957,0.11,25.94,0.67,0.0,0.0,0.0,1028.58,50.57,1511928000,24.96,1511870400,10.0,11.29,1511928000,1.21
1511956800,partly-cloudy-day,0.35,Mostly cloudy until afternoon.,1511956362,1511990335,0.28,39.83,0.66,0.0,0.0,0.0,1018.96,60.61,1511982000,41.08,1512014400,10.0,18.81,1511989200,4.99
1512043200,partly-cloudy-night,0.39,Mostly cloudy throughout the day.,1512042826,1512076715,0.54,31.36,0.69,0.0,0.0,0.0,1023.78,48.92,1512100800,30.11,1512043200,10.0,9.16,1512028800,0.73
1512129600,partly-cloudy-day,0.43,Mostly cloudy throughout the day.,1512129288,1512163097,0.69,38.31,0.73,0.0018,0.014,1.0,1019.54,51.38,1512147600,39.6,1512187200,9.82,12.88,1512147600,3.06
1512216000,partly-cloudy-day,0.46,Partly cloudy until evening.,1512215750,1512249482,0.22,29.49,0.71,0.0,0.0,0.0,1024.94,44.3,1512237600,32.32,1512212400,10.0,5.34,1512223200,1.72
1512302400,partly-cloudy-night,0.51,Mostly cloudy throughout the day.,1512302210,1512335869,0.6,31.1,0.74,0.0,0.0,0.0,1023.84,43.91,1512331200,32.8,1512302400,10.0,4.97,1512320400,1.76
1512388800,partly-cloudy-night,0.54,Mostly cloudy starting in the evening.,1512388668,1512422258,0.4,32.68,0.74,0.0,0.0,0.0,1030.02,47.08,1512414000,34.3,1512388800,10.0,5.63,1512399600,1.25
1512475200,rain,0.58,Rain starting in the afternoon.,1512475126,1512508649,0.95,44.46,0.87,0.0087,0.0605,1.0,1023.27,57.57,1512532800,37.84,1512450000,8.76,27.26,1512532800,7.05
1512561600,rain,0.61,Light rain in the morning.,1512561582,1512595043,0.65,40.59,0.76,0.0192,0.2004,1.0,1011.27,57.45,1512540000,37.92,1512619200,9.24,25.55,1512536400,4.58
1512648000,clear-day,0.65,Clear throughout the day.,1512648037,1512681439,0.02,23.97,0.54,0.0,0.0,0.0,1013.79,45.95,1512669600,35.02,1512648000,10.0,12.0,1512673200,5.02
1512734400,partly-cloudy-night,0.69,Mostly cloudy throughout the day.,1512734490,1512767838,0.44,22.85,0.58,0.0,0.0,0.0,1016.39,39.37,1512759600,32.99,1512738000,10.0,7.63,1512759600,2.41
1512820800,fog,0.72,Foggy until afternoon.,1512820942,1512854238,1.0,28.28,0.81,0.0018,0.0071,0.4,1010.07,35.96,1512795600,31.88,1512878400,6.07,11.53,1512856800,4.73
1512907200,partly-cloudy-day,0.76,Mostly cloudy throughout the day.,1512907392,1512940641,0.57,27.18,0.77,0.0032,0.0159,0.62,1009.32,38.29,1512932400,31.48,1512907200,9.65,12.32,1512921600,4.32
1512993600,cloudy,0.79,Overcast in the morning.,1512993840,1513027047,0.66,24.34,0.65,0.001,0.0059,0.55,1015.32,39.74,1513018800,32.02,1513040400,10.0,9.59,1512997200,2.9
1513080000,rain,0.83,Light rain in the afternoon.,1513080287,1513113454,0.96,35.71,0.81,0.0036,0.0259,0.99,1002.34,48.62,1513108800,33.98,1513054800,9.63,12.36,1513101600,1.55
1513166400,partly-cloudy-day,0.86,Partly cloudy until afternoon.,1513166732,1513199864,0.4,12.72,0.59,0.0,0.0,0.0,995.49,34.71,1513141200,21.31,1513170000,10.0,24.05,1513188000,9.93
1513252800,fog,0.89,Foggy in the morning.,1513253176,1513286277,0.57,12.55,0.64,0.0002,0.002,0.2,1006.75,28.98,1513281600,18.45,1513310400,7.62,14.1,1513285200,5.49
1513339200,fog,0.92,Foggy starting in the evening.,1513339617,1513372691,0.45,12.85,0.7,0.0001,0.0014,0.17,1015.87,26.34,1513368000,14.17,1513342800,8.21,9.29,1513314000,1.39
1513425600,partly-cloudy-night,0.95,"Mostly cloudy starting in the afternoon, continuing until evening.",1513426057,1513459108,0.54,18.91,0.71,0.0001,0.0012,0.24,1014.48,33.63,1513458000,20.63,1513418400,9.92,15.53,1513443600,5.43
1513512000,partly-cloudy-night,0.98,Mostly cloudy overnight.,1513512495,1513545527,0.02,11.48,0.55,0.0,0.0,0.0,1024.19,30.53,1513537200,19.16,1513512000,10.0,10.6,1513526400,3.02
1513598400,cloudy,0.02,Overcast throughout the day.,1513598931,1513631948,0.97,24.46,0.74,0.0011,0.0085,0.7,1018.25,36.85,1513616400,25.87,1513573200,7.73,4.51,1513623600,0.65
1513684800,partly-cloudy-day,0.04,Mostly cloudy throughout the day.,1513685365,1513718372,0.68,37.61,0.79,0.0,0.0005,0.0,1008.33,50.94,1513710000,36.75,1513659600,9.18,16.1,1513738800,5.35
1513771200,partly-cloudy-day,0.07,Mostly cloudy until afternoon.,1513771797,1513804797,0.4,25.73,0.56,0.0,0.0,0.0,1009.33,49.0,1513746000,31.83,1513828800,10.0,17.11,1513789200,6.5
1513857600,partly-cloudy-night,0.1,Partly cloudy overnight.,1513858227,1513891225,0.05,16.56,0.55,0.0,0.0,0.0,1020.83,36.39,1513882800,27.94,1513857600,10.0,7.96,1513875600,2.49
1513944000,cloudy,0.14,Overcast throughout the day.,1513944654,1513977655,0.87,20.71,0.68,0.0005,0.006,0.69,1025.5,33.22,1513983600,27.55,1513926000,8.88,7.32,1513969200,3.74
1514030400,rain,0.17,Light rain until afternoon.,1514031080,1514064087,1.0,36.62,0.95,0.0124,0.039,1.0,1013.05,52.76,1514073600,30.71,1514030400,4.12,15.9,1514073600,1.87
1514116800,cloudy,0.2,Overcast starting in the evening.,1514117504,1514150522,0.29,29.92,0.77,0.0,0.0,0.0,1019.33,42.61,1514091600,32.88,1514160000,10.0,12.13,1514131200,4.95
1514203200,rain,0.23,Light rain in the morning.,1514203925,1514236958,0.72,27.31,0.76,0.0083,0.0392,1.0,1008.41,37.76,1514203200,29.31,1514260800,7.84,19.49,1514232000,4.58
1514289600,partly-cloudy-day,0.27,Partly cloudy until afternoon.,1514290344,1514323396,0.09,8.89,0.5,0.0,0.0,0.0,1025.87,28.64,1514264400,19.85,1514347200,10.0,13.73,1514264400,6.42
1514376000,partly-cloudy-night,0.3,Partly cloudy in the morning.,1514376761,1514409836,0.07,2.77,0.52,0.0,0.0,0.0,1030.59,22.2,1514401200,13.79,1514433600,10.0,10.43,1514394000,4.36
1514462400,clear-day,0.34,Clear throughout the day.,1514463176,1514496278,0.0,-5.12,0.49,0.0,0.0,0.0,1029.08,13.31,1514487600,7.86,1514520000,10.0,19.87,1514491200,8.28
1514548800,partly-cloudy-day,0.37,Partly cloudy until evening.,1514549589,1514582722,0.3,-2.17,0.56,0.0,0.0,0.0,1023.88,15.81,1514577600,5.43,1514538000,10.0,10.54,1514577600,4.43
1514635200,fog,0.41,"Foggy starting in the afternoon, continuing until evening.",1514635999,1514669168,0.62,6.88,0.72,0.0,0.0003,0.0,1017.33,18.74,1514664000,9.16,1514631600,7.09,6.56,1514617200,1.95
1514721600,clear-day,0.45,Clear throughout the day.,1514722407,1514755616,0.06,1.59,0.65,0.0,0.0,0.0,1019.79,14.52,1514743200,4.84,1514779200,9.99,14.63,1514736000,6.37
1514808000,clear-day,0.48,Clear throughout the day.,1514808813,1514842065,0.0,-6.28,0.54,0.0,0.0,0.0,1024.4,13.43,1514836800,1.47,1514808000,10.0,14.08,1514833200,6.38
1514894400,partly-cloudy-day,0.52,Partly cloudy in the afternoon.,1514895216,1514928516,0.05,1.5,0.57,0.0,0.0,0.0,1025.49,19.82,1514952000,6.38,1514869200,10.0,12.91,1514912400,5.53
1514980800,partly-cloudy-night,0.56,Mostly cloudy starting in the evening.,1514981618,1515014969,0.08,10.19,0.64,0.0,0.0,0.0,1024.25,28.95,1515006000,13.85,1514980800,9.98,9.18,1515006000,2.48
1515067200,snow,0.6,Snow (< 1 in.) until afternoon.,1515068017,1515101423,0.99,22.42,0.85,0.0027,0.0218,0.33,992.27,29.26,1515099600,22.31,1515042000,4.15,28.82,1515099600,11.02
1515153600,partly-cloudy-night,0.63,Mostly cloudy in the morning.,1515154414,1515187879,0.38,2.96,0.6,0.0,0.0,0.0,1000.65,23.14,1515128400,7.49,1515211200,9.57,23.79,1515182400,11.62
1515240000,clear-day,0.67,Clear throughout the day.,1515240808,1515274337,0.01,-6.49,0.5,0.0,0.0,0.0,1017.26,13.08,1515265200,5.04,1515240000,9.98,20.58,1515261600,9.02
1515326400,partly-cloudy-night,0.71,Mostly cloudy overnight.,1515327200,1515360795,0.04,-7.63,0.5,0.0,0.0,0.0,1030.33,17.58,1515384000,-2.14,1515326400,10.0,14.38,1515315600,4.45
1515412800,partly-cloudy-day,0.74,Mostly cloudy throughout the day.,1515413590,1515447256,0.81,20.24,0.7,0.0001,0.001,0.23,1020.75,35.7,1515445200,20.74,1515387600,9.51,15.96,1515394800,8.45
1515499200,partly-cloudy-day,0.77,Partly cloudy until afternoon.,1515499978,1515533717,0.45,24.74,0.69,0.0005,0.0028,0.26,1018.67,40.66,1515524400,30.06,1515556800,9.87,16.39,1515517200,6.06
1515585600,partly-cloudy-night,0.8,Mostly cloudy starting in the evening.,1515586363,1515620180,0.08,20.74,0.7,0.0,0.0,0.0,1030.85,35.76,1515614400,21.03,1515589200,10.0,9.69,1515560400,1.21
1515672000,partly-cloudy-day,0.84,Mostly cloudy throughout the day.,1515672747,1515706644,0.71,39.92,0.92,0.0,0.0002,0.0,1028.09,48.94,1515697200,33.28,1515646800,9.15,8.0,1515690000,3.41
1515758400,rain,0.87,Heavy rain starting in the afternoon.,1515759128,1515793109,0.97,50.75,0.97,0.0467,0.2261,1.0,1014.8,56.73,1515812400,45.39,1515733200,3.88,19.52,1515787200,7.52
1515844800,rain,0.9,Rain in the morning.,1515845506,1515879575,0.54,36.84,0.8,0.0537,0.2285,1.0,1007.97,57.69,1515826800,22.73,1515902400,6.96,24.87,1515848400,3.9
1515931200,partly-cloudy-day,0.93,Partly cloudy until evening.,1515931883,1515966043,0.36,5.51,0.53,0.0,0.0,0.0,1033.65,24.87,1515956400,16.22,1515931200,10.0,12.78,1515906000,6.59
1516017600,cloudy,0.96,Overcast throughout the day.,1516018258,1516052511,0.91,11.26,0.73,0.0,0.0,0.0,1036.67,21.96,1516075200,15.65,1515996000,9.91,15.57,1516042800,8.1
1516104000,partly-cloudy-day,0.99,Mostly cloudy throughout the day.,1516104630,1516138980,0.81,22.39,0.76,0.0,0.0,0.0,1032.21,35.33,1516129200,21.71,1516104000,10.0,8.46,1516082400,0.93
1516190400,snow,0.02,Light snow in the morning.,1516191000,1516225450,1.0,32.03,0.95,0.0036,0.0108,0.74,1022.86,34.83,1516215600,32.36,1516248000,6.0,7.0,1516176000,1.46
1516276800,partly-cloudy-night,0.05,Partly cloudy in the morning.,1516277368,1516311921,0.24,19.2,0.72,0.0,0.0,0.0,1014.05,33.26,1516302000,20.56,1516276800,9.95,12.56,1516298400,4.92
1516363200,partly-cloudy-day,0.08,Partly cloudy in the morning.,1516363734,1516398393,0.15,18.84,0.69,0.0,0.0,0.0,1014.88,35.24,1516388400,21.49,1516352400,9.95,9.32,1516381200,4.6
1516449600,partly-cloudy-day,0.11,"Partly cloudy starting in the afternoon, continuing until evening.",1516450098,1516484865,0.1,27.08,0.6,0.0002,0.0021,0.15,1010.22,49.02,1516474800,28.84,1516424400,10.0,15.34,1516453200,5.95
1516536000,cloudy,0.14,Overcast overnight.,1516536460,1516571338,0.03,29.93,0.72,0.0,0.0,0.0,1019.74,47.65,1516561200,32.5,1516539600,9.91,6.13,1516554000,1.04
1516622400,fog,0.18,Foggy overnight.,1516622819,1516657812,0.99,35.43,0.93,0.0011,0.0049,0.67,1023.1,39.15,1516644000,33.09,1516597200,4.92,8.56,1516654800,1.91
1516708800,rain,0.21,Heavy rain until evening.,1516709177,1516744286,0.94,44.44,0.97,0.0475,0.3168,1.0,1007.8,53.53,1516734000,38.3,1516694400,3.73,20.18,1516734000,3.24
1516795200,partly-cloudy-day,0.25,Partly cloudy until afternoon.,1516795533,1516830760,0.18,26.94,0.69,0.0,0.0,0.0,1010.29,42.87,1516770000,26.36,1516852800,10.0,15.43,1516809600,5.59
1516881600,partly-cloudy-night,0.28,Partly cloudy overnight.,1516881887,1516917235,0.02,8.04,0.49,0.0,0.0,0.0,1024.9,30.79,1516910400,20.33,1516881600,10.0,15.6,1516896000,6.39
1516968000,clear-day,0.32,Clear throughout the day.,1516968239,1517003711,0.06,7.9,0.46,0.0,0.0,0.0,1037.02,34.22,1516996800,19.16,1516964400,10.0,10.59,1516982400,3.24
1517054400,partly-cloudy-night,0.36,Mostly cloudy overnight.,1517054589,1517090187,0.1,33.73,0.77,0.0,0.0,0.0,1030.38,49.16,1517076000,26.44,1517032800,9.99,20.1,1517079600,6.43
1517140800,rain,0.4,Light rain until afternoon.,1517140937,1517176663,0.94,42.91,0.94,0.0069,0.0238,1.0,1023.57,48.65,1517122800,39.08,1517198400,6.46,14.92,1517115600,2.56
1517227200,fog,0.43,Foggy overnight.,1517227284,1517263139,0.58,30.93,0.8,0.0,0.0,0.0,1021.58,40.27,1517245200,31.84,1517284800,9.77,18.61,1517284800,7.31
1517313600,fog,0.47,Foggy until afternoon.,1517313628,1517349615,0.95,21.92,0.82,0.0003,0.0016,0.2,1012.65,31.22,1517349600,22.09,1517317200,4.93,16.85,1517288400,7.33
1517400000,partly-cloudy-night,0.51,Mostly cloudy starting in the evening.,1517399971,1517436092,0.24,12.64,0.61,0.0002,0.0025,0.24,1020.22,32.35,1517457600,16.3,1517400000,10.0,13.07,1517385600,3.8
1517486400,partly-cloudy-night,0.55,Mostly cloudy throughout the day.,1517486312,1517522569,0.5,30.74,0.77,0.0005,0.0045,0.34,1014.88,42.84,1517508000,32.2,1517482800,9.97,13.74,1517504400,5.0
1517572800,rain,0.58,Mixed precipitation in the morning.,1517572652,1517609046,0.63,18.67,0.72,0.0073,0.053,1.0,1012.68,36.73,1517547600,13.3,1517630400,7.97,20.58,1517616000,7.28
1517659200,partly-cloudy-night,0.62,Mostly cloudy overnight.,1517658989,1517695523,0.08,7.71,0.58,0.0,0.0,0.0,1028.0,28.19,1517716800,11.44,1517648400,10.0,14.91,1517691600,5.67
1517745600,rain,0.65,Rain in the afternoon and evening.,1517745326,1517782000,0.9,33.89,0.85,0.0144,0.1276,1.0,1020.58,45.63,1517803200,29.04,1517720400,7.98,10.98,1517774400,4.69
1517832000,partly-cloudy-night,0.69,Mostly cloudy in the morning.,1517831660,1517868477,0.38,26.79,0.69,0.0165,0.1805,1.0,1010.36,46.45,1517810400,24.1,1517889600,8.47,18.74,1517853600,5.53
1517918400,partly-cloudy-day,0.72,Mostly cloudy until evening.,1517917993,1517954953,0.55,17.68,0.66,0.0,0.0,0.0,1028.44,33.67,1517950800,20.95,1517900400,9.72,6.43,1517893200,1.16
1518004800,rain,0.75,Rain starting in the afternoon.,1518004324,1518041430,0.67,27.94,0.85,0.0175,0.0897,1.0,1023.58,48.4,1518051600,24.17,1517997600,6.93,17.22,1518051600,1.18
1518091200,partly-cloudy-day,0.78,Partly cloudy in the morning.,1518090654,1518127907,0.36,18.75,0.65,0.0006,0.0124,1.0,1023.54,35.52,1518066000,24.76,1518148800,10.0,13.39,1518073200,5.36
1518177600,partly-cloudy-night,0.81,Mostly cloudy throughout the day.,1518176982,1518214383,0.5,18.52,0.71,0.0,0.0,0.0,1032.96,31.35,1518202800,20.09,1518177600,9.74,11.89,1518202800,2.6
1518264000,rain,0.84,Rain overnight.,1518263309,1518300860,0.86,40.69,0.92,0.0064,0.0716,1.0,1024.34,49.92,1518285600,31.36,1518238800,8.4,9.55,1518282000,3.54
1518350400,rain,0.87,Rain throughout the day.,1518349635,1518387336,1.0,46.72,0.99,0.0475,0.09,1.0,1015.67,53.59,1518408000,43.78,1518382800,2.31,12.48,1518404400,1.35
1518436800,cloudy,0.9,Overcast until afternoon.,1518435959,1518473812,0.61,34.82,0.74,0.0045,0.0537,0.99,1023.35,53.36,1518426000,31.75,1518494400,8.16,12.61,1518433200,4.14
1518523200,partly-cloudy-night,0.93,Mostly cloudy overnight.,1518522282,1518560288,0.1,17.06,0.6,0.0,0.0,0.0,1040.49,34.24,1518548400,25.14,1518523200,10.0,11.37,1518512400,2.05
1518609600,cloudy,0.96,Overcast until afternoon.,1518608603,1518646763,0.6,32.5,0.82,0.0001,0.0016,0.35,1024.93,47.69,1518642000,28.69,1518584400,9.98,12.11,1518634800,4.14
1518696000,rain,0.99,Rain in the morning.,1518694923,1518733238,0.87,41.54,0.96,0.0064,0.0555,1.0,1010.7,47.72,1518724800,37.44,1518670800,4.21,8.19,1518724800,3.4
1518782400,rain,0.03,Light rain in the morning.,1518781242,1518819713,0.86,41.46,0.85,0.0054,0.0478,1.0,1004.12,53.84,1518811200,38.37,1518840000,6.35,16.38,1518825600,3.16
1518868800,rain,0.06,Mixed precipitation overnight.,1518867560,1518906188,0.36,20.76,0.62,0.0009,0.0102,0.33,1025.42,36.7,1518894000,28.21,1518868800,8.64,14.62,1518843600,0.94
1518955200,rain,0.09,Light rain until afternoon.,1518953877,1518992662,0.36,28.68,0.75,0.0164,0.0495,0.81,1022.05,44.18,1518984000,32.04,1519012800,8.36,18.38,1518969600,4.39
1519041600,rain,0.12,Light rain starting in the evening.,1519040192,1519079136,0.47,34.59,0.85,0.004,0.0299,1.0,1031.85,48.07,1519066800,25.61,1519034400,9.79,13.21,1519056000,3.72
1519128000,fog,0.16,"Foggy starting in the afternoon, continuing until evening.",1519126506,1519165610,0.93,48.38,0.95,0.0007,0.0095,0.94,1025.68,56.4,1519153200,45.9,1519174800,3.95,12.86,1519110000,5.67
1519214400,fog,0.2,"Foggy starting in the afternoon, continuing until evening.",1519212820,1519252083,0.91,51.51,0.96,0.0,0.0,0.0,1024.73,56.15,1519243200,47.38,1519189200,3.66,12.15,1519243200,5.0
1519300800,rain,0.23,Mixed precipitation in the evening.,1519299132,1519338556,0.99,34.24,0.74,0.0029,0.0215,0.95,1035.42,54.34,1519279200,32.97,1519351200,9.44,23.04,1519300800,5.82
1519387200,rain,0.27,Light rain in the evening.,1519385443,1519425028,0.87,32.9,0.88,0.0075,0.04,1.0,1033.36,40.47,1519401600,32.75,1519383600,7.81,9.92,1519401600,2.2
1519473600,rain,0.31,"Light rain starting in the afternoon, continuing until evening.",1519471753,1519511501,0.73,40.25,0.85,0.0061,0.0504,1.0,1020.16,56.25,1519495200,37.5,1519448400,9.12,11.48,1519455600,2.66
1519560000,rain,0.34,Rain until evening.,1519558062,1519597973,1.0,38.33,0.92,0.0288,0.0809,1.0,1019.19,42.65,1519534800,38.75,1519560000,6.79,15.61,1519578000,5.22
1519646400,cloudy,0.38,Overcast in the morning.,1519644371,1519684444,0.41,34.39,0.74,0.0,0.0,0.0,1018.24,49.13,1519675200,38.75,1519646400,9.88,9.41,1519675200,3.6
1519732800,clear-day,0.42,Clear throughout the day.,1519730678,1519770915,0.0,25.4,0.53,0.0,0.0,0.0,1024.84,51.35,1519758000,33.76,1519729200,10.0,10.81,1519761600,2.81
1519819200,partly-cloudy-night,0.46,Mostly cloudy starting in the evening.,1519816985,1519857386,0.18,33.65,0.66,0.0,0.0,0.0,1016.79,52.33,1519837200,39.07,1519815600,10.0,15.89,1519844400,5.81
1519905600,rain,0.49,Light rain overnight.,1519903291,1519943857,0.43,39.29,0.72,0.0,0.0,0.0,1009.39,59.51,1519923600,40.52,1519902000,9.98,13.23,1519963200,1.7
1519992000,rain,0.53,"Rain throughout the day and breezy starting in the afternoon, continuing until evening.",1519989596,1520030327,1.0,38.75,0.93,0.0789,0.1762,1.0,992.79,44.71,1520013600,35.12,1520049600,4.64,38.62,1520017200,17.07
1520078400,cloudy,0.56,Overcast throughout the day.,1520075900,1520116796,0.95,30.95,0.71,0.0008,0.0118,0.86,1010.29,42.3,1520107200,35.21,1520053200,9.67,28.92,1520100000,15.22
1520164800,cloudy,0.6,Overcast throughout the day.,1520162204,1520203266,1.0,28.46,0.66,0.0,0.0003,0.0,1015.85,42.58,1520190000,34.6,1520222400,9.88,17.56,1520154000,8.38
1520251200,partly-cloudy-day,0.63,Mostly cloudy throughout the day.,1520248507,1520289735,0.72,29.18,0.75,0.0004,0.0049,0.46,1014.08,42.41,1520283600,32.21,1520247600,8.81,22.76,1520272800,9.01
1520337600,partly-cloudy-day,0.66,Mostly cloudy throughout the day.,1520334810,1520376204,0.6,25.26,0.67,0.0,0.0,0.0,1016.68,38.94,1520359200,31.0,1520395200,10.0,13.04,1520366400,4.97
1520424000,rain,0.7,Mixed precipitation starting in the afternoon.,1520421112,1520462672,0.94,32.01,0.88,0.0251,0.1404,0.99,1007.42,38.98,1520442000,31.32,1520398800,7.17,19.04,1520481600,7.28
1520510400,cloudy,0.73,Overcast throughout the day.,1520507413,1520549140,0.99,31.01,0.83,0.008,0.027,0.94,1000.7,39.43,1520535600,32.63,1520503200,8.32,21.65,1520492400,6.52
1520596800,partly-cloudy-day,0.76,Mostly cloudy until evening.,1520593714,1520635608,0.68,24.31,0.66,0.0001,0.0009,0.11,1004.38,38.59,1520625600,30.35,1520596800,10.0,14.02,1520622000,5.69
1520683200,partly-cloudy-day,0.79,Mostly cloudy until evening.,1520680014,1520722076,0.33,23.37,0.61,0.0,0.0,0.0,1009.28,40.56,1520708400,31.66,1520679600,10.0,18.0,1520704800,7.85
1520769600,partly-cloudy-night,0.82,Partly cloudy in the evening.,1520766314,1520808543,0.13,23.52,0.57,0.0,0.0,0.0,1015.19,45.4,1520802000,30.35,1520766000,10.0,11.22,1520773200,4.0
1520856000,snow,0.85,Snow (< 1 in.) overnight.,1520852617,1520895007,0.44,27.7,0.7,0.0,0.0,0.0,1015.38,42.72,1520877600,30.21,1520852400,10.0,17.45,1520910000,5.13
1520942400,snow,0.88,Snow (< 1 in.) in the morning.,1520938916,1520981474,1.0,30.41,0.94,0.0071,0.0351,0.97,998.41,37.87,1520913600,29.66,1520967600,2.92,20.96,1520942400,9.04
1521028800,partly-cloudy-night,0.91,Mostly cloudy starting in the afternoon.,1521025215,1521067940,0.39,27.4,0.79,0.0047,0.0339,0.49,997.76,39.03,1521061200,28.29,1521025200,9.98,19.07,1521046800,7.93
1521115200,partly-cloudy-night,0.94,Mostly cloudy in the morning.,1521111513,1521154406,0.49,24.23,0.61,0.0001,0.0009,0.09,996.63,42.9,1521144000,32.65,1521093600,9.94,19.1,1521122400,7.84
1521201600,partly-cloudy-day,0.97,Mostly cloudy until evening.,1521197811,1521240873,0.3,18.09,0.53,0.0,0.0,0.0,1001.98,38.15,1521223200,28.32,1521255600,10.0,20.56,1521234000,7.96
1521288000,clear-day,0.01,Clear throughout the day.,1521284109,1521327338,0.04,15.02,0.49,0.0,0.0,0.0,1006.34,43.92,1521320400,26.03,1521280800,10.0,19.64,1521313200,6.41
1521374400,clear-day,0.04,Clear throughout the day.,1521370407,1521413804,0.02,2.98,0.36,0.0,0.0,0.0,1010.89,35.44,1521403200,18.45,1521370800,10.0,15.88,1521403200,5.86
1521460800,partly-cloudy-night,0.07,Mostly cloudy in the morning.,1521456705,1521500270,0.23,7.13,0.37,0.0,0.0,0.0,1012.58,39.47,1521493200,24.97,1521460800,10.0,12.47,1521482400,4.6
1521547200,partly-cloudy-night,0.11,Mostly cloudy starting in the afternoon.,1521543002,1521586735,0.3,14.67,0.48,0.0,0.0,0.0,1013.41,38.75,1521572400,24.31,1521543600,10.0,8.36,1521583200,2.81
1521633600,snow,0.14,Light snow (< 1 in.) overnight.,1521629300,1521673200,0.99,28.27,0.76,0.0017,0.0138,0.64,1005.74,37.3,1521637200,32.19,1521669600,7.69,20.07,1521658800,9.56
1521720000,snow,0.18,Light snow (< 1 in.) in the morning.,1521715597,1521759666,0.97,33.35,0.87,0.0046,0.0161,0.95,1005.09,42.57,1521748800,33.11,1521720000,7.01,19.43,1521691200,6.12
1521806400,partly-cloudy-day,0.22,Mostly cloudy throughout the day.,1521801894,1521846131,0.43,26.98,0.63,0.0,0.0,0.0,1013.44,46.98,1521831600,32.38,1521799200,10.0,10.6,1521820800,1.49
1521892800,partly-cloudy-day,0.25,Mostly cloudy throughout the day.,1521888191,1521932595,0.94,24.66,0.53,0.0,0.0,0.0,1016.48,46.49,1521914400,36.09,1521946800,10.0,9.12,1521910800,2.81
1521979200,partly-cloudy-day,0.29,Mostly cloudy until evening.,1521974489,1522019060,0.79,27.66,0.75,0.0001,0.0016,0.28,1028.49,36.97,1522011600,30.84,1522033200,9.64,16.84,1521997200,6.34
1522065600,clear-day,0.33,Clear throughout the day.,1522060786,1522105525,0.1,20.91,0.58,0.0,0.0,0.0,1038.19,41.46,1522094400,30.1,1522040400,10.0,25.45,1522087200,9.18
1522152000,partly-cloudy-night,0.37,Mostly cloudy overnight.,1522147084,1522191990,0.06,23.51,0.58,0.0,0.0,0.0,1031.82,49.25,1522177200,27.77,1522144800,10.0,12.73,1522159200,3.52
1522238400,partly-cloudy-day,0.4,Mostly cloudy until evening.,1522233381,1522278454,0.59,33.07,0.68,0.0,0.0,0.0,1017.27,49.88,1522260000,38.29,1522209600,10.0,9.73,1522263600,2.19
1522324800,fog,0.44,Foggy overnight.,1522319679,1522364919,0.8,40.86,0.83,0.0001,0.0017,0.28,1016.48,53.64,1522339200,39.24,1522314000,8.75,6.74,1522339200,1.74
1522411200,fog,0.47,Foggy in the morning.,1522405977,1522451384,1.0,48.61,0.93,0.0012,0.0099,0.93,1007.45,55.28,1522447200,46.86,1522389600,5.25,10.58,1522425600,3.08
1522497600,partly-cloudy-night,0.52,Mostly cloudy in the morning.,1522492276,1522537848,0.2,28.15,0.54,0.0,0.0,0.0,1020.3,51.59,1522515600,39.43,1522551600,10.0,15.29,1522526400,2.67
1522584000,partly-cloudy-day,0.55,Mostly cloudy until evening.,1522578574,1522624313,0.48,34.15,0.64,0.0001,0.0024,0.37,1015.62,56.17,1522609200,39.45,1522638000,10.0,14.05,1522562400,5.0
1522670400,rain,0.58,Mixed precipitation in the afternoon.,1522664873,1522710777,0.72,26.86,0.72,0.0059,0.0474,0.7,1019.8,39.86,1522699200,31.94,1522670400,7.62,7.18,1522656000,2.59
1522756800,rain,0.61,"Rain starting in the afternoon, continuing until evening.",1522751172,1522797242,0.64,32.83,0.87,0.0141,0.0818,1.0,1020.48,41.6,1522767600,29.11,1522746000,7.54,11.35,1522767600,2.75
1522843200,rain,0.64,"Light rain starting in the afternoon, continuing until evening.",1522837472,1522883706,0.89,42.61,0.9,0.0038,0.0373,0.98,1002.02,52.8,1522875600,38.98,1522818000,3.73,17.48,1522897200,3.55
1522929600,partly-cloudy-day,0.67,"Partly cloudy starting in the afternoon, continuing until evening.",1522923772,1522970171,0.07,16.67,0.43,0.0,0.0,0.0,1013.48,42.39,1522958400,31.65,1522926000,10.0,19.97,1522900800,8.41
1523016000,snow,0.7,"Mixed precipitation starting in the afternoon, continuing until evening.",1523010073,1523056636,0.58,29.11,0.76,0.0059,0.0321,1.0,1015.1,46.42,1523070000,26.53,1523008800,8.48,12.8,1523048400,3.43
1523102400,partly-cloudy-day,0.73,Mostly cloudy throughout the day.,1523096374,1523143101,0.83,28.26,0.62,0.0,0.0002,0.0,1009.07,46.88,1523131200,37.97,1523106000,9.86,12.04,1523113200,3.97
1523188800,partly-cloudy-day,0.76,Mostly cloudy throughout the day.,1523182675,1523229565,0.52,19.71,0.49,0.0,0.0,0.0,1010.21,42.82,1523221200,32.25,1523185200,10.0,14.16,1523181600,6.02
1523275200,partly-cloudy-night,0.79,Mostly cloudy starting in the evening.,1523268977,1523316030,0.05,18.41,0.49,0.0,0.0,0.0,1019.56,45.3,1523304000,28.36,1523268000,10.0,12.13,1523282400,4.24
1523361600,cloudy,0.82,Overcast until evening.,1523355280,1523402495,0.88,31.39,0.77,0.0,0.0,0.0,1021.26,40.1,1523394000,33.4,1523415600,9.93,5.32,1523376000,1.23
1523448000,partly-cloudy-day,0.85,Partly cloudy until afternoon.,1523441583,1523488960,0.13,30.8,0.77,0.0,0.0,0.0,1020.76,45.53,1523469600,27.99,1523444400,8.89,11.72,1523473200,2.27
1523534400,partly-cloudy-night,0.88,Mostly cloudy starting in the afternoon.,1523527887,1523575425,0.62,37.46,0.77,0.0005,0.0079,0.86,1017.09,53.09,1523552400,37.57,1523527200,9.57,14.05,1523588400,3.91
1523620800,partly-cloudy-day,0.92,Mostly cloudy until evening.,1523614191,1523661890,0.38,44.24,0.76,0.0,0.0,0.0,1011.91,55.73,1523631600,46.47,1523671200,8.76,19.8,1523595600,5.15
1523707200,partly-cloudy-night,0.95,Mostly cloudy starting in the afternoon.,1523700496,1523748356,0.36,41.64,0.76,0.0,0.0,0.0,1017.26,58.0,1523721600,41.23,1523761200,8.34,17.88,1523750400,4.32
1523793600,rain,0.98,Light rain overnight.,1523786802,1523834821,1.0,29.56,0.73,0.0003,0.0044,0.44,1028.5,41.01,1523764800,34.82,1523836800,8.09,18.9,1523800800,9.87
1523880000,rain,0.02,Rain until evening.,1523873109,1523921286,0.99,43.81,0.96,0.0508,0.1411,1.0,1011.88,55.53,1523912400,36.19,1523851200,3.34,24.27,1523908800,6.17
1523966400,partly-cloudy-day,0.06,Mostly cloudy throughout the day.,1523959417,1524007752,0.84,36.38,0.73,0.0,0.0,0.0,1000.77,47.75,1523988000,40.27,1524020400,9.98,13.32,1523977200,5.75
1524052800,partly-cloudy-day,0.09,Mostly cloudy throughout the day.,1524045725,1524094217,0.64,31.93,0.67,0.0,0.0007,0.0,1005.92,51.93,1524081600,33.93,1524045600,9.99,16.54,1524070800,5.85
1524139200,rain,0.13,Light rain in the morning and afternoon.,1524132034,1524180683,0.89,36.96,0.86,0.0104,0.0487,0.99,1007.03,43.2,1524175200,39.28,1524150000,9.07,12.27,1524193200,2.39
1524225600,partly-cloudy-day,0.17,Mostly cloudy throughout the day.,1524218344,1524267149,0.53,29.42,0.59,0.0,0.0,0.0,1016.96,52.63,1524254400,34.37,1524218400,10.0,16.4,1524236400,7.1
1524312000,clear-day,0.2,Clear throughout the day.,1524304655,1524353614,0.0,28.08,0.48,0.0,0.0,0.0,1024.97,57.64,1524344400,37.13,1524304800,10.0,12.22,1524322800,3.87
1524398400,clear-day,0.24,Clear throughout the day.,1524390967,1524440080,0.0,26.56,0.43,0.0,0.0,0.0,1027.16,58.28,1524423600,38.26,1524391200,10.0,12.69,1524427200,1.49
1524484800,clear-day,0.28,Clear throughout the day.,1524477280,1524526546,0.0,28.23,0.48,0.0,0.0,0.0,1031.19,60.56,1524510000,38.3,1524470400,10.0,11.04,1524513600,1.18
1524571200,partly-cloudy-night,0.32,Mostly cloudy starting in the evening.,1524563594,1524613011,0.23,39.19,0.68,0.0,0.0,0.0,1028.78,59.63,1524589200,38.48,1524564000,10.0,13.42,1524592800,3.72
1524657600,rain,0.35,Rain in the morning and afternoon.,1524649909,1524699477,0.93,49.5,0.92,0.0347,0.1721,1.0,1014.46,54.23,1524708000,49.76,1524632400,4.77,25.67,1524672000,6.31
1524744000,rain,0.39,Rain in the morning.,1524736225,1524785943,0.67,50.04,0.78,0.0069,0.058,0.98,1004.52,66.06,1524776400,51.58,1524736800,6.59,14.32,1524769200,2.87
1524830400,rain,0.42,"Rain starting in the afternoon, continuing until evening.",1524822542,1524872409,0.56,46.2,0.82,0.0205,0.1859,1.0,1010.46,58.36,1524837600,46.67,1524823200,7.47,6.69,1524801600,0.66
1524916800,fog,0.46,Foggy in the morning.,1524908860,1524958874,0.47,49.86,0.84,0.0,0.0011,0.0,1009.72,65.91,1524945600,48.58,1524970800,7.34,10.12,1524942000,1.99
1525003200,partly-cloudy-day,0.48,Mostly cloudy throughout the day.,1524995180,1525045340,0.65,44.78,0.8,0.0015,0.0086,0.88,1010.84,57.16,1525028400,45.87,1525057200,8.86,12.75,1525032000,1.99
1525089600,partly-cloudy-day,0.53,Mostly cloudy throughout the day.,1525081500,1525131805,0.75,37.77,0.75,0.0002,0.0013,0.2,1013.44,49.66,1525114800,40.43,1525071600,10.0,11.52,1525093200,3.41
1525176000,partly-cloudy-night,0.56,Mostly cloudy starting in the evening.,1525167822,1525218271,0.53,42.23,0.69,0.0,0.0,0.0,1016.33,63.64,1525204800,42.11,1525168800,10.0,9.82,1525201200,1.55
1525262400,clear-day,0.59,Clear throughout the day.,1525254145,1525304736,0.11,43.11,0.41,0.0,0.0,0.0,1015.48,85.31,1525287600,54.82,1525233600,10.0,15.94,1525294800,3.9
1525348800,partly-cloudy-night,0.62,Partly cloudy starting in the afternoon.,1525340469,1525391201,0.26,52.72,0.56,0.0001,0.0024,0.29,1013.95,83.77,1525377600,58.35,1525341600,9.96,15.04,1525377600,3.24
1525435200,partly-cloudy-day,0.65,Mostly cloudy until afternoon.,1525426795,1525477666,0.46,59.54,0.78,0.0001,0.0012,0.32,1011.6,76.9,1525464000,59.49,1525485600,9.42,14.66,1525485600,3.52
